timestamp,temperature,humidity,wind_speed,pressure,visibility,rainfall,cloud_cover,icon,description,city
2024-12-06 06:00:00,13.32,58,2.25,1013,10000,0.0,0,01d,clear sky,Dehradun
2024-12-06 09:00:00,15.64,48,2.68,1012,10000,0.0,0,01d,clear sky,Dehradun
2024-12-06 12:00:00,13.56,48,1.47,1012,10000,0.0,0,01n,clear sky,Dehradun
2024-12-06 15:00:00,12.1,47,2.55,1014,10000,0.0,0,01n,clear sky,Dehradun
2024-12-06 18:00:00,11.49,45,2.32,1014,10000,0.0,0,01n,clear sky,Dehradun
2024-12-06 21:00:00,11.08,43,2.32,1012,10000,0.0,0,01n,clear sky,Dehradun
2024-12-07 00:00:00,10.54,41,2.11,1012,10000,0.0,0,01n,clear sky,Dehradun
2024-12-07 03:00:00,13.78,36,1.26,1014,10000,0.0,0,01d,clear sky,Dehradun
2024-12-07 06:00:00,19.09,23,2.34,1014,10000,0.0,0,01d,clear sky,Dehradun
2024-12-07 09:00:00,19.67,22,2.46,1012,10000,0.0,0,01d,clear sky,Dehradun
2024-12-07 12:00:00,12.3,39,1.09,1013,10000,0.0,0,01n,clear sky,Dehradun
2024-12-07 15:00:00,10.94,38,2.47,1016,10000,0.0,0,01n,clear sky,Dehradun
2024-12-07 18:00:00,10.33,36,2.59,1015,10000,0.0,0,01n,clear sky,Dehradun
2024-12-07 21:00:00,10.18,36,2.71,1014,10000,0.0,0,01n,clear sky,Dehradun
2024-12-08 00:00:00,9.83,37,2.51,1015,10000,0.0,6,01n,clear sky,Dehradun
2024-12-08 03:00:00,13.23,36,1.82,1016,10000,0.0,2,01d,clear sky,Dehradun
2024-12-08 06:00:00,20.11,14,2.77,1014,10000,0.0,1,01d,clear sky,Dehradun
2024-12-08 09:00:00,20.17,18,2.93,1012,10000,0.0,0,01d,clear sky,Dehradun
2024-12-08 12:00:00,13.77,40,1.13,1012,10000,0.0,49,03n,scattered clouds,Dehradun
2024-12-08 15:00:00,12.81,46,2.17,1014,10000,0.15,100,10n,light rain,Dehradun
2024-12-08 18:00:00,10.49,71,3.73,1014,10000,0.61,100,10n,light rain,Dehradun
2024-12-08 21:00:00,8.64,86,5.1,1015,10000,2.06,100,10n,light rain,Dehradun
2024-12-09 00:00:00,8.44,84,3.92,1014,10000,1.52,100,10n,light rain,Dehradun
2024-12-09 03:00:00,10.55,79,3.14,1015,10000,0.59,99,10d,light rain,Dehradun
2024-12-09 06:00:00,18.4,38,0.96,1015,10000,0.17,95,10d,light rain,Dehradun
2024-12-09 09:00:00,18.53,31,2.05,1013,10000,0.11,57,10d,light rain,Dehradun
2024-12-09 12:00:00,12.77,51,2.73,1015,10000,0.0,76,04n,broken clouds,Dehradun
2024-12-09 15:00:00,10.96,52,2.46,1018,10000,0.0,5,01n,clear sky,Dehradun
2024-12-09 18:00:00,9.83,52,2.7,1018,10000,0.0,3,01n,clear sky,Dehradun
2024-12-09 21:00:00,8.94,50,2.82,1018,10000,0.0,0,01n,clear sky,Dehradun
2024-12-10 00:00:00,8.32,46,2.8,1018,10000,0.0,0,01n,clear sky,Dehradun
2024-12-10 03:00:00,11.21,38,2.04,1019,10000,0.0,0,01d,clear sky,Dehradun
2024-12-10 06:00:00,18.69,22,1.1,1017,10000,0.0,0,01d,clear sky,Dehradun
2024-12-10 09:00:00,19.37,21,2.52,1015,10000,0.0,0,01d,clear sky,Dehradun
2024-12-10 12:00:00,12.42,42,1.83,1015,10000,0.0,0,01n,clear sky,Dehradun
2024-12-10 15:00:00,10.85,44,2.44,1017,10000,0.0,0,01n,clear sky,Dehradun
2024-12-10 18:00:00,10.3,42,2.34,1018,10000,0.0,0,01n,clear sky,Dehradun
2024-12-10 21:00:00,9.96,39,2.42,1017,10000,0.0,0,01n,clear sky,Dehradun
2024-12-11 00:00:00,9.62,36,2.46,1016,10000,0.0,0,01n,clear sky,Dehradun
2024-12-11 03:00:00,12.83,33,1.79,1017,10000,0.0,0,01d,clear sky,Dehradun
2024-12-06 06:00:00,18.05,42,3.15,1015,10000,0.0,1,01d,clear sky,Delhi
2024-12-06 09:00:00,20.26,33,4.28,1014,10000,0.0,1,01d,clear sky,Delhi
2024-12-06 12:00:00,21.76,24,2.7,1012,10000,0.0,0,01n,clear sky,Delhi
2024-12-06 15:00:00,21.26,18,1.98,1012,10000,0.0,0,01n,clear sky,Delhi
2024-12-06 18:00:00,19.59,16,1.65,1013,10000,0.0,0,01n,clear sky,Delhi
2024-12-06 21:00:00,18.06,16,1.29,1012,10000,0.0,0,01n,clear sky,Delhi
2024-12-07 00:00:00,17.19,16,0.72,1012,10000,0.0,0,01n,clear sky,Delhi
2024-12-07 03:00:00,18.06,16,0.53,1014,10000,0.0,0,01d,clear sky,Delhi
2024-12-07 06:00:00,22.01,13,0.63,1014,10000,0.0,0,01d,clear sky,Delhi
2024-12-07 09:00:00,23.87,13,0.34,1011,10000,0.0,0,01d,clear sky,Delhi
2024-12-07 12:00:00,23.06,14,1.37,1011,10000,0.0,0,01n,clear sky,Delhi
2024-12-07 15:00:00,20.51,18,3.22,1013,10000,0.0,0,01n,clear sky,Delhi
2024-12-07 18:00:00,18.86,20,2.96,1013,10000,0.0,0,01n,clear sky,Delhi
2024-12-07 21:00:00,17.59,22,3.3,1012,10000,0.0,0,01n,clear sky,Delhi
2024-12-08 00:00:00,16.69,24,3.53,1013,10000,0.0,0,01n,clear sky,Delhi
2024-12-08 03:00:00,16.98,24,4.55,1014,10000,0.0,0,01d,clear sky,Delhi
2024-12-08 06:00:00,21.56,22,5.34,1013,10000,0.0,0,01d,clear sky,Delhi
2024-12-08 09:00:00,24.05,22,4.31,1010,10000,0.0,32,03d,scattered clouds,Delhi
2024-12-08 12:00:00,22.68,26,3.08,1009,10000,0.1,56,10n,light rain,Delhi
2024-12-08 15:00:00,20.36,32,4.55,1010,10000,0.42,4,10n,light rain,Delhi
2024-12-08 18:00:00,17.64,37,2.27,1010,10000,0.5,10,10n,light rain,Delhi
2024-12-08 21:00:00,14.91,52,4.0,1010,10000,0.0,6,01n,clear sky,Delhi
2024-12-09 00:00:00,14.21,56,3.21,1011,10000,0.0,3,01n,clear sky,Delhi
2024-12-09 03:00:00,14.71,53,2.48,1013,10000,0.0,0,01d,clear sky,Delhi
2024-12-09 06:00:00,19.1,35,2.18,1014,10000,0.0,0,01d,clear sky,Delhi
2024-12-09 09:00:00,21.92,27,0.87,1012,10000,0.0,0,01d,clear sky,Delhi
2024-12-09 12:00:00,21.36,30,2.75,1013,10000,0.0,0,01n,clear sky,Delhi
2024-12-09 15:00:00,19.3,39,2.87,1016,10000,0.0,0,01n,clear sky,Delhi
2024-12-09 18:00:00,17.8,43,2.61,1017,10000,0.0,0,01n,clear sky,Delhi
2024-12-09 21:00:00,16.59,36,2.46,1016,10000,0.0,0,01n,clear sky,Delhi
2024-12-10 00:00:00,15.56,34,2.64,1016,10000,0.0,0,01n,clear sky,Delhi
2024-12-10 03:00:00,15.75,34,2.65,1018,10000,0.0,0,01d,clear sky,Delhi
2024-12-10 06:00:00,19.86,25,2.83,1018,10000,0.0,0,01d,clear sky,Delhi
2024-12-10 09:00:00,22.2,18,3.09,1015,10000,0.0,0,01d,clear sky,Delhi
2024-12-10 12:00:00,21.17,18,2.93,1015,10000,0.0,0,01n,clear sky,Delhi
2024-12-10 15:00:00,19.43,19,1.88,1017,10000,0.0,0,01n,clear sky,Delhi
2024-12-10 18:00:00,17.7,19,2.27,1017,10000,0.0,0,01n,clear sky,Delhi
2024-12-10 21:00:00,16.13,19,2.18,1016,10000,0.0,0,01n,clear sky,Delhi
2024-12-11 00:00:00,14.98,23,2.16,1016,10000,0.0,0,01n,clear sky,Delhi
2024-12-11 03:00:00,15.21,24,2.24,1017,10000,0.0,0,01d,clear sky,Delhi
2024-12-06 06:00:00,29.99,62,1.99,1012,10000,0.0,20,02d,few clouds,Mumbai
2024-12-06 09:00:00,29.46,66,6.06,1011,10000,0.0,16,02d,few clouds,Mumbai
2024-12-06 12:00:00,28.24,69,8.02,1009,10000,0.0,11,02d,few clouds,Mumbai
2024-12-06 15:00:00,28.12,67,6.43,1010,10000,0.0,13,02n,few clouds,Mumbai
2024-12-06 18:00:00,28.04,63,4.18,1011,10000,0.0,18,02n,few clouds,Mumbai
2024-12-06 21:00:00,27.55,60,2.88,1010,10000,0.0,9,01n,clear sky,Mumbai
2024-12-07 00:00:00,26.72,61,2.91,1010,10000,0.0,7,01n,clear sky,Mumbai
2024-12-07 03:00:00,26.75,58,4.47,1012,10000,0.0,8,01d,clear sky,Mumbai
2024-12-07 06:00:00,28.37,51,2.84,1012,10000,0.0,47,03d,scattered clouds,Mumbai
2024-12-07 09:00:00,27.74,53,7.59,1009,10000,0.0,100,04d,overcast clouds,Mumbai
2024-12-07 12:00:00,27.13,55,7.11,1009,10000,0.0,89,04d,overcast clouds,Mumbai
2024-12-07 15:00:00,26.92,57,6.25,1011,10000,0.0,32,03n,scattered clouds,Mumbai
2024-12-07 18:00:00,26.63,55,4.25,1010,10000,0.0,19,02n,few clouds,Mumbai
2024-12-07 21:00:00,26.03,54,5.59,1009,10000,0.0,6,01n,clear sky,Mumbai
2024-12-08 00:00:00,25.37,51,3.79,1010,10000,0.0,37,03n,scattered clouds,Mumbai
2024-12-08 03:00:00,25.13,48,2.7,1012,10000,0.0,97,04d,overcast clouds,Mumbai
2024-12-08 06:00:00,26.31,45,2.74,1012,10000,0.0,99,04d,overcast clouds,Mumbai
2024-12-08 09:00:00,26.26,52,4.18,1009,10000,0.0,80,04d,broken clouds,Mumbai
2024-12-08 12:00:00,26.37,55,4.51,1009,10000,0.0,74,04d,broken clouds,Mumbai
2024-12-08 15:00:00,25.88,55,4.3,1011,10000,0.0,48,03n,scattered clouds,Mumbai
2024-12-08 18:00:00,25.49,51,3.53,1011,10000,0.0,74,04n,broken clouds,Mumbai
2024-12-08 21:00:00,24.52,49,2.59,1010,10000,0.0,99,04n,overcast clouds,Mumbai
2024-12-09 00:00:00,23.9,48,2.47,1010,10000,0.0,100,04n,overcast clouds,Mumbai
2024-12-09 03:00:00,23.73,46,3.71,1013,10000,0.0,100,04d,overcast clouds,Mumbai
2024-12-09 06:00:00,25.86,38,4.31,1012,10000,0.0,100,04d,overcast clouds,Mumbai
2024-12-09 09:00:00,27.73,45,4.51,1009,10000,0.0,90,04d,overcast clouds,Mumbai
2024-12-09 12:00:00,26.9,52,8.17,1009,10000,0.0,94,04d,overcast clouds,Mumbai
2024-12-09 15:00:00,26.37,49,7.43,1011,10000,0.0,99,04n,overcast clouds,Mumbai
2024-12-09 18:00:00,25.34,39,4.93,1011,10000,0.0,81,04n,broken clouds,Mumbai
2024-12-09 21:00:00,24.16,39,3.42,1010,10000,0.0,30,03n,scattered clouds,Mumbai
2024-12-10 00:00:00,23.58,43,4.36,1010,10000,0.0,37,03n,scattered clouds,Mumbai
2024-12-10 03:00:00,23.67,41,3.5,1012,10000,0.0,75,04d,broken clouds,Mumbai
2024-12-10 06:00:00,25.87,35,2.8,1012,10000,0.0,65,04d,broken clouds,Mumbai
2024-12-10 09:00:00,27.56,36,3.09,1009,10000,0.0,46,03d,scattered clouds,Mumbai
2024-12-10 12:00:00,26.4,50,6.27,1009,10000,0.0,70,04d,broken clouds,Mumbai
2024-12-10 15:00:00,26.54,56,6.04,1011,10000,0.0,63,04n,broken clouds,Mumbai
2024-12-10 18:00:00,26.18,55,2.51,1012,10000,0.0,43,03n,scattered clouds,Mumbai
2024-12-10 21:00:00,25.69,49,2.69,1010,10000,0.0,1,01n,clear sky,Mumbai
2024-12-11 00:00:00,24.7,48,3.63,1010,10000,0.0,2,01n,clear sky,Mumbai
2024-12-11 03:00:00,24.47,44,3.44,1012,10000,0.0,15,02d,few clouds,Mumbai
2024-12-06 06:00:00,24.97,47,3.01,1013,10000,0.0,0,01d,clear sky,Kolkata
2024-12-06 09:00:00,26.18,39,4.39,1012,10000,0.0,0,01d,clear sky,Kolkata
2024-12-06 12:00:00,24.68,37,1.79,1011,10000,0.0,0,01n,clear sky,Kolkata
2024-12-06 15:00:00,22.9,34,1.31,1012,10000,0.0,0,01n,clear sky,Kolkata
2024-12-06 18:00:00,20.28,38,3.14,1012,10000,0.0,0,01n,clear sky,Kolkata
2024-12-06 21:00:00,18.68,38,2.34,1012,10000,0.0,0,01n,clear sky,Kolkata
2024-12-07 00:00:00,17.81,37,1.98,1012,10000,0.0,0,01n,clear sky,Kolkata
2024-12-07 03:00:00,22.15,30,2.54,1015,10000,0.0,0,01d,clear sky,Kolkata
2024-12-07 06:00:00,26.65,23,2.78,1013,10000,0.0,0,01d,clear sky,Kolkata
2024-12-07 09:00:00,27.53,22,3.75,1011,10000,0.0,0,01d,clear sky,Kolkata
2024-12-07 12:00:00,23.44,28,2.13,1012,10000,0.0,0,01n,clear sky,Kolkata
2024-12-07 15:00:00,21.77,29,1.52,1014,10000,0.0,0,01n,clear sky,Kolkata
2024-12-07 18:00:00,19.87,29,2.23,1013,10000,0.0,20,02n,few clouds,Kolkata
2024-12-07 21:00:00,18.33,30,2.27,1012,10000,0.0,93,04n,overcast clouds,Kolkata
2024-12-08 00:00:00,17.02,32,2.14,1013,10000,0.0,89,04n,overcast clouds,Kolkata
2024-12-08 03:00:00,21.31,26,2.53,1016,10000,0.0,68,04d,broken clouds,Kolkata
2024-12-08 06:00:00,26.1,20,2.95,1014,10000,0.0,74,04d,broken clouds,Kolkata
2024-12-08 09:00:00,27.58,19,2.75,1011,10000,0.0,67,04d,broken clouds,Kolkata
2024-12-08 12:00:00,23.54,27,2.1,1012,10000,0.0,58,04n,broken clouds,Kolkata
2024-12-08 15:00:00,22.46,28,1.19,1013,10000,0.0,96,04n,overcast clouds,Kolkata
2024-12-08 18:00:00,20.95,31,1.01,1012,10000,0.0,61,04n,broken clouds,Kolkata
2024-12-08 21:00:00,19.49,34,1.97,1011,10000,0.0,60,04n,broken clouds,Kolkata
2024-12-09 00:00:00,18.59,36,1.42,1012,10000,0.0,83,04n,broken clouds,Kolkata
2024-12-09 03:00:00,22.71,30,1.68,1014,10000,0.0,86,04d,overcast clouds,Kolkata
2024-12-09 06:00:00,26.02,27,2.11,1013,10000,0.0,93,04d,overcast clouds,Kolkata
2024-12-09 09:00:00,26.36,28,3.84,1011,10000,0.0,97,04d,overcast clouds,Kolkata
2024-12-09 12:00:00,23.33,37,3.35,1011,10000,0.0,84,04n,broken clouds,Kolkata
2024-12-09 15:00:00,22.72,45,3.43,1013,10000,0.0,100,04n,overcast clouds,Kolkata
2024-12-09 18:00:00,21.41,54,2.23,1012,10000,0.0,97,04n,overcast clouds,Kolkata
2024-12-09 21:00:00,21.25,55,1.73,1011,10000,0.0,100,04n,overcast clouds,Kolkata
2024-12-10 00:00:00,19.32,62,1.89,1013,10000,0.0,100,04n,overcast clouds,Kolkata
2024-12-10 03:00:00,22.34,52,2.84,1015,10000,0.0,100,04d,overcast clouds,Kolkata
2024-12-10 06:00:00,26.47,40,3.49,1013,10000,0.0,99,04d,overcast clouds,Kolkata
2024-12-10 09:00:00,27.49,41,3.34,1010,10000,0.0,82,04d,broken clouds,Kolkata
2024-12-10 12:00:00,24.4,49,2.88,1011,10000,0.0,65,04n,broken clouds,Kolkata
2024-12-10 15:00:00,22.53,52,3.23,1013,10000,0.0,80,04n,broken clouds,Kolkata
2024-12-10 18:00:00,20.83,53,2.96,1013,10000,0.0,80,04n,broken clouds,Kolkata
2024-12-10 21:00:00,19.34,51,3.27,1013,10000,0.0,92,04n,overcast clouds,Kolkata
2024-12-11 00:00:00,18.12,57,3.44,1013,10000,0.0,94,04n,overcast clouds,Kolkata
2024-12-11 03:00:00,22.26,45,4.52,1015,10000,0.0,26,03d,scattered clouds,Kolkata
2024-12-06 06:00:00,29.53,81,3.96,1012,10000,0.1,75,10d,light rain,Chennai
2024-12-06 09:00:00,29.29,76,5.4,1011,10000,0.19,52,10d,light rain,Chennai
2024-12-06 12:00:00,28.11,77,4.23,1011,10000,0.0,36,03d,scattered clouds,Chennai
2024-12-06 15:00:00,26.6,80,3.33,1012,10000,1.19,47,10n,light rain,Chennai
2024-12-06 18:00:00,26.36,81,1.67,1011,10000,1.43,76,10n,light rain,Chennai
2024-12-06 21:00:00,26.02,81,1.3,1009,10000,1.21,74,10n,light rain,Chennai
2024-12-07 00:00:00,25.95,83,2.62,1010,10000,1.27,85,10n,light rain,Chennai
2024-12-07 03:00:00,27.46,73,2.86,1013,10000,2.25,100,10d,light rain,Chennai
2024-12-07 06:00:00,28.61,66,4.07,1012,10000,0.0,79,04d,broken clouds,Chennai
2024-12-07 09:00:00,28.18,66,3.78,1009,10000,0.0,100,04d,overcast clouds,Chennai
2024-12-07 12:00:00,27.09,73,3.56,1010,10000,0.0,100,04d,overcast clouds,Chennai
2024-12-07 15:00:00,26.82,76,2.7,1012,10000,0.0,100,04n,overcast clouds,Chennai
2024-12-07 18:00:00,26.41,76,1.76,1011,10000,0.0,99,04n,overcast clouds,Chennai
2024-12-07 21:00:00,26.14,77,1.79,1010,10000,0.0,100,04n,overcast clouds,Chennai
2024-12-08 00:00:00,25.81,79,0.56,1010,10000,0.0,100,04n,overcast clouds,Chennai
2024-12-08 03:00:00,26.74,76,0.89,1012,10000,0.2,92,10d,light rain,Chennai
2024-12-08 06:00:00,28.56,68,3.57,1011,10000,1.4,92,10d,light rain,Chennai
2024-12-08 09:00:00,28.3,68,4.5,1009,10000,0.29,75,10d,light rain,Chennai
2024-12-08 12:00:00,27.35,75,3.86,1010,10000,0.17,74,10d,light rain,Chennai
2024-12-08 15:00:00,26.93,78,3.5,1011,10000,0.0,54,04n,broken clouds,Chennai
2024-12-08 18:00:00,26.62,77,2.68,1011,10000,0.0,65,04n,broken clouds,Chennai
2024-12-08 21:00:00,26.22,78,3.29,1010,10000,0.17,96,10n,light rain,Chennai
2024-12-09 00:00:00,26.08,78,2.39,1010,10000,0.35,90,10n,light rain,Chennai
2024-12-09 03:00:00,27.38,73,3.31,1012,10000,0.11,100,10d,light rain,Chennai
2024-12-09 06:00:00,28.13,68,3.9,1011,10000,0.11,100,10d,light rain,Chennai
2024-12-09 09:00:00,28.15,67,4.82,1008,10000,0.0,100,04d,overcast clouds,Chennai
2024-12-09 12:00:00,26.92,73,4.24,1009,10000,0.0,100,04d,overcast clouds,Chennai
2024-12-09 15:00:00,26.68,75,4.6,1011,10000,0.0,100,04n,overcast clouds,Chennai
2024-12-09 18:00:00,26.25,76,4.24,1011,10000,0.0,100,04n,overcast clouds,Chennai
2024-12-09 21:00:00,25.31,80,4.19,1009,10000,0.0,83,04n,broken clouds,Chennai
2024-12-10 00:00:00,24.78,84,4.15,1009,10000,0.0,91,04n,overcast clouds,Chennai
2024-12-10 03:00:00,26.57,77,4.34,1012,10000,0.0,100,04d,overcast clouds,Chennai
2024-12-10 06:00:00,28.3,67,6.03,1011,10000,0.0,100,04d,overcast clouds,Chennai
2024-12-10 09:00:00,28.02,68,6.46,1008,10000,0.0,100,04d,overcast clouds,Chennai
2024-12-10 12:00:00,26.51,77,6.26,1009,10000,0.0,100,04d,overcast clouds,Chennai
2024-12-10 15:00:00,26.59,78,5.81,1011,10000,0.0,100,04n,overcast clouds,Chennai
2024-12-10 18:00:00,25.9,82,4.45,1011,10000,0.0,100,04n,overcast clouds,Chennai
2024-12-10 21:00:00,25.03,86,4.93,1009,10000,0.0,93,04n,overcast clouds,Chennai
2024-12-11 00:00:00,24.81,86,5.07,1009,10000,0.0,96,04n,overcast clouds,Chennai
2024-12-11 03:00:00,25.93,80,6.19,1012,10000,0.36,100,10d,light rain,Chennai
2024-12-06 06:00:00,25.22,72,3.0,1013,10000,0.0,40,03d,scattered clouds,Bengaluru
2024-12-06 09:00:00,25.96,62,2.91,1012,10000,0.0,34,03d,scattered clouds,Bengaluru
2024-12-06 12:00:00,24.75,63,3.23,1011,10000,0.0,26,03d,scattered clouds,Bengaluru
2024-12-06 15:00:00,21.77,73,3.64,1014,10000,0.0,31,03n,scattered clouds,Bengaluru
2024-12-06 18:00:00,20.45,82,2.98,1013,10000,0.0,55,04n,broken clouds,Bengaluru
2024-12-06 21:00:00,19.53,86,2.29,1012,10000,0.0,45,03n,scattered clouds,Bengaluru
2024-12-07 00:00:00,18.94,89,2.18,1012,10000,0.0,70,04n,broken clouds,Bengaluru
2024-12-07 03:00:00,21.64,77,2.23,1015,10000,0.0,91,04d,overcast clouds,Bengaluru
2024-12-07 06:00:00,26.09,57,2.99,1013,10000,0.0,63,04d,broken clouds,Bengaluru
2024-12-07 09:00:00,26.99,53,2.83,1009,10000,0.66,73,10d,light rain,Bengaluru
2024-12-07 12:00:00,23.61,70,4.28,1010,10000,0.56,83,10d,light rain,Bengaluru
2024-12-07 15:00:00,21.25,83,4.19,1013,10000,0.54,96,10n,light rain,Bengaluru
2024-12-07 18:00:00,20.46,86,3.07,1013,10000,0.13,98,10n,light rain,Bengaluru
2024-12-07 21:00:00,19.99,89,2.44,1011,10000,0.0,100,04n,overcast clouds,Bengaluru
2024-12-08 00:00:00,18.91,94,2.41,1012,10000,0.0,100,04n,overcast clouds,Bengaluru
2024-12-08 03:00:00,21.09,80,3.47,1014,10000,0.0,100,04d,overcast clouds,Bengaluru
2024-12-08 06:00:00,25.3,53,2.87,1012,10000,0.0,99,04d,overcast clouds,Bengaluru
2024-12-08 09:00:00,26.5,50,3.76,1009,10000,0.0,78,04d,broken clouds,Bengaluru
2024-12-08 12:00:00,23.31,65,3.36,1010,10000,0.0,90,04d,overcast clouds,Bengaluru
2024-12-08 15:00:00,20.97,74,3.44,1013,10000,0.0,89,04n,overcast clouds,Bengaluru
2024-12-08 18:00:00,19.65,84,3.18,1013,10000,0.0,94,04n,overcast clouds,Bengaluru
2024-12-08 21:00:00,18.95,91,2.35,1011,10000,0.0,100,04n,overcast clouds,Bengaluru
2024-12-09 00:00:00,18.48,92,2.3,1012,10000,0.0,100,04n,overcast clouds,Bengaluru
2024-12-09 03:00:00,21.0,82,3.05,1014,10000,0.0,100,04d,overcast clouds,Bengaluru
2024-12-09 06:00:00,25.7,57,2.56,1012,10000,0.0,84,04d,broken clouds,Bengaluru
2024-12-09 09:00:00,27.88,46,2.03,1008,10000,0.0,79,04d,broken clouds,Bengaluru
2024-12-09 12:00:00,24.73,62,3.62,1009,10000,0.0,85,04d,overcast clouds,Bengaluru
2024-12-09 15:00:00,21.62,76,3.58,1013,10000,0.29,91,10n,light rain,Bengaluru
2024-12-09 18:00:00,20.25,83,3.26,1013,10000,0.0,95,04n,overcast clouds,Bengaluru
2024-12-09 21:00:00,19.26,87,2.9,1011,10000,0.0,95,04n,overcast clouds,Bengaluru
2024-12-10 00:00:00,18.67,89,2.38,1011,10000,0.0,98,04n,overcast clouds,Bengaluru
2024-12-10 03:00:00,21.19,76,2.0,1014,10000,0.0,100,04d,overcast clouds,Bengaluru
2024-12-10 06:00:00,26.22,51,3.21,1012,10000,0.0,96,04d,overcast clouds,Bengaluru
2024-12-10 09:00:00,27.49,44,4.68,1008,10000,0.0,97,04d,overcast clouds,Bengaluru
2024-12-10 12:00:00,24.26,56,3.73,1010,10000,0.0,98,04d,overcast clouds,Bengaluru
2024-12-10 15:00:00,22.24,66,3.3,1013,10000,0.0,100,04n,overcast clouds,Bengaluru
2024-12-10 18:00:00,20.07,80,3.09,1013,10000,0.0,100,04n,overcast clouds,Bengaluru
2024-12-10 21:00:00,18.95,81,2.59,1012,10000,0.0,100,04n,overcast clouds,Bengaluru
2024-12-11 00:00:00,18.18,81,2.3,1012,10000,0.0,99,04n,overcast clouds,Bengaluru
2024-12-11 03:00:00,20.79,69,3.98,1014,10000,0.0,95,04d,overcast clouds,Bengaluru
2024-12-06 06:00:00,25.23,78,2.77,1013,10000,0.0,75,04d,broken clouds,Hyderabad
2024-12-06 09:00:00,26.99,66,2.9,1012,10000,0.0,61,04d,broken clouds,Hyderabad
2024-12-06 12:00:00,26.85,63,3.12,1011,10000,0.0,69,04d,broken clouds,Hyderabad
2024-12-06 15:00:00,26.41,62,3.28,1012,10000,0.0,100,04n,overcast clouds,Hyderabad
2024-12-06 18:00:00,24.89,72,3.12,1012,10000,0.12,100,10n,light rain,Hyderabad
2024-12-06 21:00:00,23.39,79,2.4,1011,10000,1.21,78,10n,light rain,Hyderabad
2024-12-07 00:00:00,22.71,80,2.03,1011,10000,0.12,74,10n,light rain,Hyderabad
2024-12-07 03:00:00,25.25,67,2.84,1013,10000,0.0,43,03d,scattered clouds,Hyderabad
2024-12-07 06:00:00,29.69,47,2.59,1012,10000,0.0,56,04d,broken clouds,Hyderabad
2024-12-07 09:00:00,28.5,51,3.86,1009,10000,0.0,76,04d,broken clouds,Hyderabad
2024-12-07 12:00:00,26.18,60,2.56,1010,10000,0.2,87,10d,light rain,Hyderabad
2024-12-07 15:00:00,24.55,71,3.11,1012,10000,0.2,98,10n,light rain,Hyderabad
2024-12-07 18:00:00,23.09,79,3.1,1011,10000,0.0,100,04n,overcast clouds,Hyderabad
2024-12-07 21:00:00,22.27,82,2.76,1010,10000,0.0,100,04n,overcast clouds,Hyderabad
2024-12-08 00:00:00,21.51,83,2.49,1011,10000,0.0,100,04n,overcast clouds,Hyderabad
2024-12-08 03:00:00,24.03,67,3.75,1013,10000,0.0,100,04d,overcast clouds,Hyderabad
2024-12-08 06:00:00,28.75,48,3.62,1012,10000,0.0,99,04d,overcast clouds,Hyderabad
2024-12-08 09:00:00,30.34,42,3.5,1008,10000,0.0,88,04d,overcast clouds,Hyderabad
2024-12-08 12:00:00,26.77,51,4.94,1009,10000,0.0,94,04d,overcast clouds,Hyderabad
2024-12-08 15:00:00,24.09,71,4.41,1012,10000,0.0,100,04n,overcast clouds,Hyderabad
2024-12-08 18:00:00,23.56,76,4.15,1011,10000,0.0,100,04n,overcast clouds,Hyderabad
2024-12-08 21:00:00,22.03,84,2.55,1010,10000,0.0,100,04n,overcast clouds,Hyderabad
2024-12-09 00:00:00,20.6,92,3.01,1011,10000,0.0,91,04n,overcast clouds,Hyderabad
2024-12-09 03:00:00,22.87,79,2.44,1013,10000,0.0,56,04d,broken clouds,Hyderabad
2024-12-09 06:00:00,27.76,54,2.31,1012,10000,0.0,62,04d,broken clouds,Hyderabad
2024-12-09 09:00:00,29.28,45,0.31,1009,10000,0.0,79,04d,broken clouds,Hyderabad
2024-12-09 12:00:00,26.92,56,3.2,1009,10000,0.0,88,04d,overcast clouds,Hyderabad
2024-12-09 15:00:00,25.29,65,2.06,1012,10000,0.19,99,10n,light rain,Hyderabad
2024-12-09 18:00:00,24.01,72,1.51,1012,10000,1.39,95,10n,light rain,Hyderabad
2024-12-09 21:00:00,23.41,75,2.56,1011,10000,0.99,88,10n,light rain,Hyderabad
2024-12-10 00:00:00,22.09,81,2.97,1011,10000,0.67,82,10n,light rain,Hyderabad
2024-12-10 03:00:00,21.89,74,4.21,1014,10000,0.1,100,10d,light rain,Hyderabad
2024-12-10 06:00:00,26.08,44,3.54,1013,10000,0.0,94,04d,overcast clouds,Hyderabad
2024-12-10 09:00:00,28.13,40,2.91,1009,10000,0.0,100,04d,overcast clouds,Hyderabad
2024-12-10 12:00:00,25.47,46,3.69,1011,10000,0.0,93,04d,overcast clouds,Hyderabad
2024-12-10 15:00:00,22.18,45,3.33,1014,10000,0.0,89,04n,overcast clouds,Hyderabad
2024-12-10 18:00:00,20.47,44,2.89,1014,10000,0.0,89,04n,overcast clouds,Hyderabad
2024-12-10 21:00:00,19.16,43,2.6,1013,10000,0.0,78,04n,broken clouds,Hyderabad
2024-12-11 00:00:00,18.1,40,2.23,1013,10000,0.0,87,04n,overcast clouds,Hyderabad
2024-12-11 03:00:00,20.64,35,3.28,1015,10000,0.0,96,04d,overcast clouds,Hyderabad
2024-12-06 06:00:00,22.02,46,2.41,1014,10000,0.0,37,03d,scattered clouds,Ahmedabad
2024-12-06 09:00:00,24.77,36,2.67,1013,10000,0.0,56,04d,broken clouds,Ahmedabad
2024-12-06 12:00:00,25.89,28,2.94,1011,10000,0.0,56,04d,broken clouds,Ahmedabad
2024-12-06 15:00:00,24.6,23,2.27,1012,10000,0.0,59,04n,broken clouds,Ahmedabad
2024-12-06 18:00:00,21.78,28,2.7,1012,10000,0.0,67,04n,broken clouds,Ahmedabad
2024-12-06 21:00:00,20.31,29,1.77,1011,10000,0.0,52,04n,broken clouds,Ahmedabad
2024-12-07 00:00:00,19.37,29,2.07,1012,10000,0.0,39,03n,scattered clouds,Ahmedabad
2024-12-07 03:00:00,20.54,27,1.67,1013,10000,0.0,41,03d,scattered clouds,Ahmedabad
2024-12-07 06:00:00,26.59,20,1.78,1013,10000,0.0,61,04d,broken clouds,Ahmedabad
2024-12-07 09:00:00,29.47,16,2.37,1009,10000,0.0,71,04d,broken clouds,Ahmedabad
2024-12-07 12:00:00,27.14,21,1.9,1010,10000,0.0,86,04d,overcast clouds,Ahmedabad
2024-12-07 15:00:00,23.53,26,1.86,1011,10000,0.0,100,04n,overcast clouds,Ahmedabad
2024-12-07 18:00:00,21.72,37,2.06,1011,10000,0.0,67,04n,broken clouds,Ahmedabad
2024-12-07 21:00:00,20.69,46,1.62,1010,10000,0.0,62,04n,broken clouds,Ahmedabad
2024-12-08 00:00:00,19.23,50,1.99,1011,10000,0.0,66,04n,broken clouds,Ahmedabad
2024-12-08 03:00:00,20.63,43,1.2,1013,10000,0.0,76,04d,broken clouds,Ahmedabad
2024-12-08 06:00:00,26.7,28,1.14,1012,10000,0.0,72,04d,broken clouds,Ahmedabad
2024-12-08 09:00:00,29.67,20,2.86,1009,10000,0.0,34,03d,scattered clouds,Ahmedabad
2024-12-08 12:00:00,27.35,24,4.69,1009,10000,0.0,40,03d,scattered clouds,Ahmedabad
2024-12-08 15:00:00,23.55,27,4.2,1011,10000,0.0,33,03n,scattered clouds,Ahmedabad
2024-12-08 18:00:00,20.35,21,4.23,1012,10000,0.0,49,03n,scattered clouds,Ahmedabad
2024-12-08 21:00:00,17.5,14,4.08,1011,10000,0.0,60,04n,broken clouds,Ahmedabad
2024-12-09 00:00:00,16.58,15,3.17,1012,10000,0.0,80,04n,broken clouds,Ahmedabad
2024-12-09 03:00:00,17.49,15,2.77,1015,10000,0.0,46,03d,scattered clouds,Ahmedabad
2024-12-09 06:00:00,24.29,10,3.32,1015,10000,0.0,25,03d,scattered clouds,Ahmedabad
2024-12-09 09:00:00,26.91,9,3.58,1012,10000,0.0,0,01d,clear sky,Ahmedabad
2024-12-09 12:00:00,24.23,13,3.94,1013,10000,0.0,1,01d,clear sky,Ahmedabad
2024-12-09 15:00:00,19.33,18,3.96,1015,10000,0.0,2,01n,clear sky,Ahmedabad
2024-12-09 18:00:00,18.04,19,3.87,1016,10000,0.0,17,02n,few clouds,Ahmedabad
2024-12-09 21:00:00,16.77,21,4.27,1015,10000,0.0,16,02n,few clouds,Ahmedabad
2024-12-10 00:00:00,15.64,24,4.6,1015,10000,0.0,11,02n,few clouds,Ahmedabad
2024-12-10 03:00:00,16.62,28,5.96,1017,10000,0.0,8,01d,clear sky,Ahmedabad
2024-12-10 06:00:00,23.42,22,6.13,1016,10000,0.0,21,02d,few clouds,Ahmedabad
2024-12-10 09:00:00,26.58,15,4.9,1013,10000,0.0,3,01d,clear sky,Ahmedabad
2024-12-10 12:00:00,24.35,20,3.85,1013,10000,0.0,4,01d,clear sky,Ahmedabad
2024-12-10 15:00:00,21.03,25,3.12,1015,10000,0.0,13,02n,few clouds,Ahmedabad
2024-12-10 18:00:00,19.36,27,3.48,1015,10000,0.0,36,03n,scattered clouds,Ahmedabad
2024-12-10 21:00:00,17.4,32,4.23,1013,10000,0.0,57,04n,broken clouds,Ahmedabad
2024-12-11 00:00:00,16.2,33,4.36,1013,10000,0.0,63,04n,broken clouds,Ahmedabad
2024-12-11 03:00:00,17.45,32,5.09,1015,10000,0.0,33,03d,scattered clouds,Ahmedabad
2024-12-06 06:00:00,29.2,50,1.79,1013,10000,0.0,28,03d,scattered clouds,Pune
2024-12-06 09:00:00,29.94,46,0.98,1012,10000,0.0,29,03d,scattered clouds,Pune
2024-12-06 12:00:00,29.05,48,2.43,1010,10000,0.0,49,03d,scattered clouds,Pune
2024-12-06 15:00:00,27.09,55,2.48,1011,10000,0.0,95,04n,overcast clouds,Pune
2024-12-06 18:00:00,25.82,65,2.5,1012,10000,0.0,97,04n,overcast clouds,Pune
2024-12-06 21:00:00,25.05,65,1.34,1011,10000,0.0,100,04n,overcast clouds,Pune
2024-12-07 00:00:00,23.1,68,1.44,1012,10000,0.0,90,04n,overcast clouds,Pune
2024-12-07 03:00:00,24.79,61,0.12,1013,10000,0.0,6,01d,clear sky,Pune
2024-12-07 06:00:00,29.17,47,1.66,1012,10000,0.0,9,01d,clear sky,Pune
2024-12-07 09:00:00,32.16,34,3.22,1008,10000,0.0,12,02d,few clouds,Pune
2024-12-07 12:00:00,28.36,44,5.73,1009,10000,0.0,19,02d,few clouds,Pune
2024-12-07 15:00:00,23.85,52,3.29,1012,10000,0.0,54,04n,broken clouds,Pune
2024-12-07 18:00:00,22.48,56,1.83,1011,10000,0.0,44,03n,scattered clouds,Pune
2024-12-07 21:00:00,20.94,59,1.35,1010,10000,0.0,61,04n,broken clouds,Pune
2024-12-08 00:00:00,20.13,62,1.55,1011,10000,0.0,42,03n,scattered clouds,Pune
2024-12-08 03:00:00,22.9,54,1.61,1013,10000,0.0,99,04d,overcast clouds,Pune
2024-12-08 06:00:00,28.3,42,2.35,1012,10000,0.0,99,04d,overcast clouds,Pune
2024-12-08 09:00:00,30.52,35,4.58,1008,10000,0.0,76,04d,broken clouds,Pune
2024-12-08 12:00:00,26.81,44,4.02,1009,10000,0.0,74,04d,broken clouds,Pune
2024-12-08 15:00:00,22.41,51,2.52,1012,10000,0.0,41,03n,scattered clouds,Pune
2024-12-08 18:00:00,20.68,55,2.19,1012,10000,0.0,70,04n,broken clouds,Pune
2024-12-08 21:00:00,19.15,58,2.07,1010,10000,0.0,78,04n,broken clouds,Pune
2024-12-09 00:00:00,17.69,62,0.78,1011,10000,0.0,78,04n,broken clouds,Pune
2024-12-09 03:00:00,20.86,51,0.79,1014,10000,0.0,100,04d,overcast clouds,Pune
2024-12-09 06:00:00,25.8,40,2.02,1013,10000,0.0,100,04d,overcast clouds,Pune
2024-12-09 09:00:00,28.88,33,1.61,1009,10000,0.0,96,04d,overcast clouds,Pune
2024-12-09 12:00:00,26.86,39,3.09,1009,10000,0.0,98,04d,overcast clouds,Pune
2024-12-09 15:00:00,21.54,44,1.54,1013,10000,0.0,41,03n,scattered clouds,Pune
2024-12-09 18:00:00,19.78,40,1.05,1013,10000,0.0,66,04n,broken clouds,Pune
2024-12-09 21:00:00,18.34,38,2.01,1013,10000,0.0,74,04n,broken clouds,Pune
2024-12-10 00:00:00,16.85,41,2.37,1013,10000,0.0,51,04n,broken clouds,Pune
2024-12-10 03:00:00,19.02,36,2.91,1016,10000,0.0,64,04d,broken clouds,Pune
2024-12-10 06:00:00,25.05,27,3.72,1014,10000,0.0,74,04d,broken clouds,Pune
2024-12-10 09:00:00,28.27,28,3.02,1010,10000,0.0,98,04d,overcast clouds,Pune
2024-12-10 12:00:00,26.16,36,1.76,1010,10000,0.0,94,04d,overcast clouds,Pune
2024-12-10 15:00:00,22.0,42,1.45,1013,10000,0.0,43,03n,scattered clouds,Pune
2024-12-10 18:00:00,19.65,44,1.89,1014,10000,0.0,24,02n,few clouds,Pune
2024-12-10 21:00:00,18.0,45,1.35,1013,10000,0.0,1,01n,clear sky,Pune
2024-12-11 00:00:00,16.97,46,1.71,1013,10000,0.0,2,01n,clear sky,Pune
2024-12-11 03:00:00,20.31,41,1.86,1015,10000,0.0,17,02d,few clouds,Pune
2024-12-06 06:00:00,9.62,62,2.91,1015,10000,0.0,2,01d,clear sky,Jaipur
2024-12-06 09:00:00,14.83,48,3.47,1014,10000,0.0,3,01d,clear sky,Jaipur
2024-12-06 12:00:00,16.65,38,3.25,1012,10000,0.0,2,01d,clear sky,Jaipur
2024-12-06 15:00:00,16.74,32,3.06,1013,10000,0.0,0,01n,clear sky,Jaipur
2024-12-06 18:00:00,15.31,27,2.55,1013,10000,0.0,0,01n,clear sky,Jaipur
2024-12-06 21:00:00,13.02,28,1.52,1012,10000,0.0,0,01n,clear sky,Jaipur
2024-12-07 00:00:00,11.77,32,0.73,1012,10000,0.0,0,01n,clear sky,Jaipur
2024-12-07 03:00:00,17.48,25,1.46,1014,10000,0.0,0,01d,clear sky,Jaipur
2024-12-07 06:00:00,22.82,22,2.62,1013,10000,0.0,0,01d,clear sky,Jaipur
2024-12-07 09:00:00,25.01,19,2.75,1010,10000,0.0,0,01d,clear sky,Jaipur
2024-12-07 12:00:00,18.76,27,1.11,1010,10000,0.0,0,01d,clear sky,Jaipur
2024-12-07 15:00:00,15.37,30,0.93,1012,10000,0.0,0,01n,clear sky,Jaipur
2024-12-07 18:00:00,14.52,29,1.23,1012,10000,0.0,0,01n,clear sky,Jaipur
2024-12-07 21:00:00,14.23,37,2.57,1011,10000,0.0,0,01n,clear sky,Jaipur
2024-12-08 00:00:00,12.9,42,2.35,1011,10000,0.0,0,01n,clear sky,Jaipur
2024-12-08 03:00:00,15.68,38,2.69,1013,10000,0.0,0,01d,clear sky,Jaipur
2024-12-08 06:00:00,22.19,26,4.55,1012,10000,0.0,0,01d,clear sky,Jaipur
2024-12-08 09:00:00,24.8,19,5.42,1008,10000,0.0,0,01d,clear sky,Jaipur
2024-12-08 12:00:00,19.63,13,5.11,1009,10000,0.0,0,01d,clear sky,Jaipur
2024-12-08 15:00:00,15.03,11,3.5,1011,10000,0.0,0,01n,clear sky,Jaipur
2024-12-08 18:00:00,12.46,13,4.98,1011,10000,0.0,0,01n,clear sky,Jaipur
2024-12-08 21:00:00,10.84,23,4.71,1011,10000,0.0,0,01n,clear sky,Jaipur
2024-12-09 00:00:00,9.68,28,5.09,1012,10000,0.0,0,01n,clear sky,Jaipur
2024-12-09 03:00:00,11.68,29,4.63,1014,10000,0.0,0,01d,clear sky,Jaipur
2024-12-09 06:00:00,20.07,20,5.71,1014,10000,0.0,0,01d,clear sky,Jaipur
2024-12-09 09:00:00,22.31,16,4.87,1012,10000,0.0,0,01d,clear sky,Jaipur
2024-12-09 12:00:00,17.05,29,4.43,1014,10000,0.0,1,01d,clear sky,Jaipur
2024-12-09 15:00:00,13.81,43,4.62,1017,10000,0.0,0,01n,clear sky,Jaipur
2024-12-09 18:00:00,12.35,50,3.41,1018,10000,0.0,0,01n,clear sky,Jaipur
2024-12-09 21:00:00,11.4,54,3.21,1017,10000,0.0,0,01n,clear sky,Jaipur
2024-12-10 00:00:00,10.77,57,3.31,1017,10000,0.0,0,01n,clear sky,Jaipur
2024-12-10 03:00:00,13.49,47,3.15,1019,10000,0.0,0,01d,clear sky,Jaipur
2024-12-10 06:00:00,19.61,30,2.99,1018,10000,0.0,0,01d,clear sky,Jaipur
2024-12-10 09:00:00,21.49,22,2.35,1015,10000,0.0,0,01d,clear sky,Jaipur
2024-12-10 12:00:00,16.32,31,2.52,1015,10000,0.0,0,01d,clear sky,Jaipur
2024-12-10 15:00:00,13.79,34,2.67,1017,10000,0.0,0,01n,clear sky,Jaipur
2024-12-10 18:00:00,11.66,36,2.14,1018,10000,0.0,0,01n,clear sky,Jaipur
2024-12-10 21:00:00,10.51,38,2.08,1016,10000,0.0,0,01n,clear sky,Jaipur
2024-12-11 00:00:00,9.18,42,1.71,1016,10000,0.0,0,01n,clear sky,Jaipur
2024-12-11 03:00:00,14.06,31,1.14,1018,10000,0.0,1,01d,clear sky,Jaipur
2024-12-06 06:00:00,18.99,45,4.05,1014,10000,0.0,22,02d,few clouds,Lucknow
2024-12-06 09:00:00,20.85,35,4.8,1013,10000,0.0,28,03d,scattered clouds,Lucknow
2024-12-06 12:00:00,19.44,29,2.88,1012,10000,0.0,27,03n,scattered clouds,Lucknow
2024-12-06 15:00:00,17.06,24,1.85,1013,10000,0.0,27,03n,scattered clouds,Lucknow
2024-12-06 18:00:00,15.71,25,2.17,1013,10000,0.0,13,02n,few clouds,Lucknow
2024-12-06 21:00:00,14.53,26,1.95,1012,10000,0.0,0,01n,clear sky,Lucknow
2024-12-07 00:00:00,13.49,28,1.35,1013,10000,0.0,0,01n,clear sky,Lucknow
2024-12-07 03:00:00,16.58,25,0.62,1015,10000,0.0,0,01d,clear sky,Lucknow
2024-12-07 06:00:00,22.76,17,1.24,1014,10000,0.0,0,01d,clear sky,Lucknow
2024-12-07 09:00:00,24.62,16,1.97,1011,10000,0.0,0,01d,clear sky,Lucknow
2024-12-07 12:00:00,19.99,22,1.56,1012,10000,0.0,0,01n,clear sky,Lucknow
2024-12-07 15:00:00,17.92,25,1.73,1014,10000,0.0,0,01n,clear sky,Lucknow
2024-12-07 18:00:00,16.31,27,1.95,1014,10000,0.0,0,01n,clear sky,Lucknow
2024-12-07 21:00:00,14.9,30,2.7,1013,10000,0.0,0,01n,clear sky,Lucknow
2024-12-08 00:00:00,13.73,34,3.11,1013,10000,0.0,0,01n,clear sky,Lucknow
2024-12-08 03:00:00,16.49,34,3.25,1015,10000,0.0,0,01d,clear sky,Lucknow
2024-12-08 06:00:00,23.6,22,3.74,1014,10000,0.0,0,01d,clear sky,Lucknow
2024-12-08 09:00:00,25.58,18,3.33,1010,10000,0.0,0,01d,clear sky,Lucknow
2024-12-08 12:00:00,21.35,24,3.08,1010,10000,0.0,16,02n,few clouds,Lucknow
2024-12-08 15:00:00,19.99,25,3.17,1012,10000,0.0,74,04n,broken clouds,Lucknow
2024-12-08 18:00:00,18.11,27,3.22,1011,10000,0.0,64,04n,broken clouds,Lucknow
2024-12-08 21:00:00,15.88,29,3.64,1010,10000,0.0,7,01n,clear sky,Lucknow
2024-12-09 00:00:00,14.98,38,4.28,1010,10000,0.0,15,02n,few clouds,Lucknow
2024-12-09 03:00:00,16.94,50,3.92,1012,10000,0.26,5,10d,light rain,Lucknow
2024-12-09 06:00:00,22.34,45,4.5,1013,10000,0.27,11,10d,light rain,Lucknow
2024-12-09 09:00:00,24.2,42,3.04,1010,10000,0.0,8,01d,clear sky,Lucknow
2024-12-09 12:00:00,18.87,64,5.38,1012,10000,0.19,40,10n,light rain,Lucknow
2024-12-09 15:00:00,16.6,76,5.04,1014,10000,0.11,57,10n,light rain,Lucknow
2024-12-09 18:00:00,16.48,70,2.37,1015,10000,0.0,87,04n,overcast clouds,Lucknow
2024-12-09 21:00:00,14.35,77,1.07,1015,10000,0.0,41,03n,scattered clouds,Lucknow
2024-12-10 00:00:00,13.57,78,1.94,1015,10000,0.0,21,02n,few clouds,Lucknow
2024-12-10 03:00:00,16.35,65,1.69,1017,10000,0.0,0,01d,clear sky,Lucknow
2024-12-10 06:00:00,21.61,46,2.59,1017,10000,0.0,0,01d,clear sky,Lucknow
2024-12-10 09:00:00,23.53,37,2.81,1014,10000,0.0,0,01d,clear sky,Lucknow
2024-12-10 12:00:00,19.78,41,2.32,1014,10000,0.0,0,01n,clear sky,Lucknow
2024-12-10 15:00:00,17.44,44,2.18,1016,10000,0.0,0,01n,clear sky,Lucknow
2024-12-10 18:00:00,15.83,45,2.31,1016,10000,0.0,0,01n,clear sky,Lucknow
2024-12-10 21:00:00,14.32,41,2.5,1015,10000,0.0,1,01n,clear sky,Lucknow
2024-12-11 00:00:00,13.03,40,2.41,1015,10000,0.0,10,01n,clear sky,Lucknow
2024-12-11 03:00:00,15.61,34,2.47,1017,10000,0.0,7,01d,clear sky,Lucknow
2024-12-06 06:00:00,20.96,64,4.44,1014,10000,0.0,0,01d,clear sky,Patna
2024-12-06 09:00:00,22.52,48,5.09,1013,10000,0.0,1,01d,clear sky,Patna
2024-12-06 12:00:00,20.24,36,2.92,1012,10000,0.0,1,01n,clear sky,Patna
2024-12-06 15:00:00,17.33,26,2.24,1012,10000,0.0,2,01n,clear sky,Patna
2024-12-06 18:00:00,15.85,29,2.03,1012,10000,0.0,17,02n,few clouds,Patna
2024-12-06 21:00:00,14.24,33,2.13,1012,10000,0.0,64,04n,broken clouds,Patna
2024-12-07 00:00:00,12.92,36,1.56,1013,10000,0.0,33,03n,scattered clouds,Patna
2024-12-07 03:00:00,17.5,29,1.63,1015,10000,0.0,0,01d,clear sky,Patna
2024-12-07 06:00:00,23.56,20,1.95,1014,10000,0.0,3,01d,clear sky,Patna
2024-12-07 09:00:00,25.26,16,1.83,1011,10000,0.0,4,01d,clear sky,Patna
2024-12-07 12:00:00,20.01,23,1.06,1012,10000,0.0,6,01n,clear sky,Patna
2024-12-07 15:00:00,17.52,27,1.03,1014,10000,0.0,4,01n,clear sky,Patna
2024-12-07 18:00:00,16.28,28,0.88,1014,10000,0.0,10,01n,clear sky,Patna
2024-12-07 21:00:00,15.07,31,0.57,1013,10000,0.0,3,01n,clear sky,Patna
2024-12-08 00:00:00,13.89,33,0.85,1014,10000,0.0,5,01n,clear sky,Patna
2024-12-08 03:00:00,18.86,27,2.11,1016,10000,0.0,2,01d,clear sky,Patna
2024-12-08 06:00:00,24.98,21,2.94,1014,10000,0.0,4,01d,clear sky,Patna
2024-12-08 09:00:00,26.61,20,2.7,1011,10000,0.0,2,01d,clear sky,Patna
2024-12-08 12:00:00,21.4,30,2.41,1011,10000,0.0,2,01n,clear sky,Patna
2024-12-08 15:00:00,19.6,36,2.49,1013,10000,0.0,5,01n,clear sky,Patna
2024-12-08 18:00:00,20.06,38,0.47,1013,10000,0.0,37,03n,scattered clouds,Patna
2024-12-08 21:00:00,20.4,40,3.36,1012,10000,0.0,99,04n,overcast clouds,Patna
2024-12-09 00:00:00,18.73,54,1.48,1012,10000,0.16,84,10n,light rain,Patna
2024-12-09 03:00:00,18.37,67,2.47,1015,10000,0.46,100,10d,light rain,Patna
2024-12-09 06:00:00,19.96,58,5.39,1014,10000,0.38,100,10d,light rain,Patna
2024-12-09 09:00:00,21.96,48,6.86,1011,10000,0.0,81,04d,broken clouds,Patna
2024-12-09 12:00:00,18.12,61,3.7,1013,10000,0.0,50,03n,scattered clouds,Patna
2024-12-09 15:00:00,16.18,71,2.93,1014,10000,0.0,0,01n,clear sky,Patna
2024-12-09 18:00:00,14.84,78,2.77,1014,10000,0.0,0,01n,clear sky,Patna
2024-12-09 21:00:00,13.85,83,2.12,1013,10000,0.0,5,01n,clear sky,Patna
2024-12-10 00:00:00,13.48,82,1.14,1014,10000,0.0,18,02n,few clouds,Patna
2024-12-10 03:00:00,17.57,64,1.17,1017,10000,0.0,20,02d,few clouds,Patna
2024-12-10 06:00:00,22.74,46,2.39,1015,10000,0.0,38,03d,scattered clouds,Patna
2024-12-10 09:00:00,24.73,38,2.75,1012,10000,0.0,50,03d,scattered clouds,Patna
2024-12-10 12:00:00,20.77,47,2.71,1013,10000,0.0,50,03n,scattered clouds,Patna
2024-12-10 15:00:00,18.96,53,2.5,1015,10000,0.0,54,04n,broken clouds,Patna
2024-12-10 18:00:00,17.11,59,3.07,1014,10000,0.0,63,04n,broken clouds,Patna
2024-12-10 21:00:00,15.78,61,2.61,1014,10000,0.0,22,02n,few clouds,Patna
2024-12-11 00:00:00,14.53,65,2.21,1014,10000,0.0,21,02n,few clouds,Patna
2024-12-11 03:00:00,18.57,51,2.67,1016,10000,0.0,8,01d,clear sky,Patna
2024-12-06 06:00:00,24.23,30,2.55,1015,10000,0.0,41,03d,scattered clouds,Bhopal
2024-12-06 09:00:00,24.97,30,2.42,1014,10000,0.0,32,03d,scattered clouds,Bhopal
2024-12-06 12:00:00,23.1,36,2.4,1012,10000,0.0,28,03d,scattered clouds,Bhopal
2024-12-06 15:00:00,19.55,40,2.28,1013,10000,0.0,71,04n,broken clouds,Bhopal
2024-12-06 18:00:00,17.47,40,2.71,1014,10000,0.0,61,04n,broken clouds,Bhopal
2024-12-06 21:00:00,16.3,42,2.24,1012,10000,0.0,26,03n,scattered clouds,Bhopal
2024-12-07 00:00:00,15.72,41,2.07,1012,10000,0.0,16,02n,few clouds,Bhopal
2024-12-07 03:00:00,18.94,38,1.67,1014,10000,0.0,8,01d,clear sky,Bhopal
2024-12-07 06:00:00,25.19,34,2.09,1013,10000,0.0,7,01d,clear sky,Bhopal
2024-12-07 09:00:00,27.84,34,2.74,1009,10000,0.0,24,02d,few clouds,Bhopal
2024-12-07 12:00:00,23.59,44,1.29,1009,10000,0.0,27,03d,scattered clouds,Bhopal
2024-12-07 15:00:00,20.42,56,1.0,1012,10000,0.0,49,03n,scattered clouds,Bhopal
2024-12-07 18:00:00,18.6,57,0.51,1011,10000,0.0,52,04n,broken clouds,Bhopal
2024-12-07 21:00:00,17.03,65,1.42,1010,10000,0.0,40,03n,scattered clouds,Bhopal
2024-12-08 00:00:00,16.12,70,1.72,1011,10000,0.0,23,02n,few clouds,Bhopal
2024-12-08 03:00:00,19.74,56,1.58,1013,10000,0.0,23,02d,few clouds,Bhopal
2024-12-08 06:00:00,26.39,31,3.23,1011,10000,0.0,59,04d,broken clouds,Bhopal
2024-12-08 09:00:00,28.08,20,5.08,1008,10000,0.0,83,04d,broken clouds,Bhopal
2024-12-08 12:00:00,22.5,28,3.23,1009,10000,0.0,93,04d,overcast clouds,Bhopal
2024-12-08 15:00:00,19.38,31,2.97,1011,10000,0.0,74,04n,broken clouds,Bhopal
2024-12-08 18:00:00,17.38,37,3.54,1011,10000,0.0,88,04n,overcast clouds,Bhopal
2024-12-08 21:00:00,15.68,38,4.74,1011,10000,0.0,48,03n,scattered clouds,Bhopal
2024-12-09 00:00:00,13.87,27,4.15,1012,10000,0.0,43,03n,scattered clouds,Bhopal
2024-12-09 03:00:00,15.89,21,4.35,1015,10000,0.0,18,02d,few clouds,Bhopal
2024-12-09 06:00:00,21.97,15,4.05,1014,10000,0.0,13,02d,few clouds,Bhopal
2024-12-09 09:00:00,23.31,14,4.65,1012,10000,0.0,7,01d,clear sky,Bhopal
2024-12-09 12:00:00,17.78,20,3.76,1013,10000,0.0,9,01d,clear sky,Bhopal
2024-12-09 15:00:00,14.32,25,3.54,1016,10000,0.0,4,01n,clear sky,Bhopal
2024-12-09 18:00:00,12.63,29,2.78,1017,10000,0.0,3,01n,clear sky,Bhopal
2024-12-09 21:00:00,11.22,30,2.35,1016,10000,0.0,3,01n,clear sky,Bhopal
2024-12-10 00:00:00,10.12,32,2.46,1016,10000,0.0,16,02n,few clouds,Bhopal
2024-12-10 03:00:00,13.38,32,3.11,1018,10000,0.0,5,01d,clear sky,Bhopal
2024-12-10 06:00:00,20.42,24,3.97,1017,10000,0.0,5,01d,clear sky,Bhopal
2024-12-10 09:00:00,22.49,19,3.04,1014,10000,0.0,8,01d,clear sky,Bhopal
2024-12-10 12:00:00,17.37,29,2.95,1014,10000,0.0,8,01d,clear sky,Bhopal
2024-12-10 15:00:00,14.76,33,2.51,1017,10000,0.0,33,03n,scattered clouds,Bhopal
2024-12-10 18:00:00,12.96,38,2.67,1017,10000,0.0,37,03n,scattered clouds,Bhopal
2024-12-10 21:00:00,11.57,45,2.78,1016,10000,0.0,34,03n,scattered clouds,Bhopal
2024-12-11 00:00:00,10.48,58,2.65,1016,10000,0.0,26,03n,scattered clouds,Bhopal
2024-12-11 03:00:00,13.99,56,3.14,1017,10000,0.0,34,03d,scattered clouds,Bhopal
2024-12-06 06:00:00,23.1,49,1.65,1015,10000,0.0,20,02d,few clouds,Thiruvananthapuram
2024-12-06 09:00:00,24.62,44,2.64,1014,10000,0.0,19,02d,few clouds,Thiruvananthapuram
2024-12-06 12:00:00,23.83,45,2.09,1012,10000,0.0,27,03d,scattered clouds,Thiruvananthapuram
2024-12-06 15:00:00,21.06,49,0.69,1013,10000,0.0,93,04n,overcast clouds,Thiruvananthapuram
2024-12-06 18:00:00,19.13,53,2.02,1013,10000,0.0,80,04n,broken clouds,Thiruvananthapuram
2024-12-06 21:00:00,17.92,55,1.45,1012,10000,0.0,40,03n,scattered clouds,Thiruvananthapuram
2024-12-07 00:00:00,17.07,55,1.07,1012,10000,0.0,39,03n,scattered clouds,Thiruvananthapuram
2024-12-07 03:00:00,20.73,53,1.44,1014,10000,0.0,62,04d,broken clouds,Thiruvananthapuram
2024-12-07 06:00:00,26.47,37,3.84,1012,10000,0.0,49,03d,scattered clouds,Thiruvananthapuram
2024-12-07 09:00:00,28.06,22,5.13,1009,10000,0.0,56,04d,broken clouds,Thiruvananthapuram
2024-12-07 12:00:00,22.78,27,2.8,1010,10000,0.0,35,03d,scattered clouds,Thiruvananthapuram
2024-12-07 15:00:00,19.03,29,1.92,1012,10000,0.0,85,04n,overcast clouds,Thiruvananthapuram
2024-12-07 18:00:00,17.22,34,2.12,1012,10000,0.0,85,04n,overcast clouds,Thiruvananthapuram
2024-12-07 21:00:00,15.94,39,2.31,1011,10000,0.0,97,04n,overcast clouds,Thiruvananthapuram
2024-12-08 00:00:00,14.81,44,1.71,1011,10000,0.0,67,04n,broken clouds,Thiruvananthapuram
2024-12-08 03:00:00,17.91,41,0.64,1013,10000,0.0,40,03d,scattered clouds,Thiruvananthapuram
2024-12-08 06:00:00,24.65,24,2.65,1012,10000,0.0,66,04d,broken clouds,Thiruvananthapuram
2024-12-08 09:00:00,26.8,18,4.28,1009,10000,0.0,74,04d,broken clouds,Thiruvananthapuram
2024-12-08 12:00:00,21.53,30,3.39,1009,10000,0.0,87,04d,overcast clouds,Thiruvananthapuram
2024-12-08 15:00:00,18.27,35,3.64,1012,10000,0.0,59,04n,broken clouds,Thiruvananthapuram
2024-12-08 18:00:00,16.06,37,2.88,1012,10000,0.0,46,03n,scattered clouds,Thiruvananthapuram
2024-12-08 21:00:00,14.99,44,3.66,1011,10000,0.0,33,03n,scattered clouds,Thiruvananthapuram
2024-12-09 00:00:00,12.9,45,3.19,1012,10000,0.0,24,02n,few clouds,Thiruvananthapuram
2024-12-09 03:00:00,15.17,28,2.89,1015,10000,0.0,30,03d,scattered clouds,Thiruvananthapuram
2024-12-09 06:00:00,21.63,17,3.28,1015,10000,0.0,25,03d,scattered clouds,Thiruvananthapuram
2024-12-09 09:00:00,23.58,14,3.56,1012,10000,0.0,37,03d,scattered clouds,Thiruvananthapuram
2024-12-09 12:00:00,18.11,22,3.52,1013,10000,0.0,36,03d,scattered clouds,Thiruvananthapuram
2024-12-09 15:00:00,14.26,24,3.01,1016,10000,0.0,16,02n,few clouds,Thiruvananthapuram
2024-12-09 18:00:00,12.62,27,2.73,1017,10000,0.0,11,02n,few clouds,Thiruvananthapuram
2024-12-09 21:00:00,11.25,30,3.39,1016,10000,0.0,16,02n,few clouds,Thiruvananthapuram
2024-12-10 00:00:00,10.22,33,3.74,1016,10000,0.0,11,02n,few clouds,Thiruvananthapuram
2024-12-10 03:00:00,13.13,32,3.96,1018,10000,0.0,6,01d,clear sky,Thiruvananthapuram
2024-12-10 06:00:00,20.72,19,4.55,1016,10000,0.0,19,02d,few clouds,Thiruvananthapuram
2024-12-10 09:00:00,23.18,17,3.12,1014,10000,0.0,75,04d,broken clouds,Thiruvananthapuram
2024-12-10 12:00:00,18.32,28,3.07,1014,10000,0.0,66,04d,broken clouds,Thiruvananthapuram
2024-12-10 15:00:00,14.66,33,2.92,1016,10000,0.0,53,04n,broken clouds,Thiruvananthapuram
2024-12-10 18:00:00,13.05,37,2.98,1017,10000,0.0,45,03n,scattered clouds,Thiruvananthapuram
2024-12-10 21:00:00,11.99,37,2.53,1015,10000,0.0,72,04n,broken clouds,Thiruvananthapuram
2024-12-11 00:00:00,10.82,40,2.85,1015,10000,0.0,44,03n,scattered clouds,Thiruvananthapuram
2024-12-11 03:00:00,14.07,38,2.99,1017,10000,0.0,36,03d,scattered clouds,Thiruvananthapuram
2024-12-06 06:00:00,21.95,68,1.94,1012,10000,0.98,40,10d,light rain,Guwahati
2024-12-06 09:00:00,22.44,63,1.57,1011,10000,0.56,45,10d,light rain,Guwahati
2024-12-06 12:00:00,20.1,71,1.88,1011,10000,0.0,48,03n,scattered clouds,Guwahati
2024-12-06 15:00:00,18.94,74,0.96,1013,10000,0.17,100,10n,light rain,Guwahati
2024-12-06 18:00:00,18.8,74,1.14,1012,10000,0.0,100,04n,overcast clouds,Guwahati
2024-12-06 21:00:00,18.22,78,1.28,1012,10000,0.0,89,04n,overcast clouds,Guwahati
2024-12-07 00:00:00,16.16,87,1.06,1013,10000,0.0,67,04n,broken clouds,Guwahati
2024-12-07 03:00:00,19.93,70,1.44,1015,10000,0.0,36,03d,scattered clouds,Guwahati
2024-12-07 06:00:00,24.59,51,2.58,1012,10000,0.0,32,03d,scattered clouds,Guwahati
2024-12-07 09:00:00,24.92,46,4.03,1010,10000,0.0,14,02d,few clouds,Guwahati
2024-12-07 12:00:00,21.77,57,1.52,1012,10000,0.0,39,03n,scattered clouds,Guwahati
2024-12-07 15:00:00,20.94,62,1.25,1014,10000,0.0,99,04n,overcast clouds,Guwahati
2024-12-07 18:00:00,18.42,70,1.54,1014,10000,0.0,64,04n,broken clouds,Guwahati
2024-12-07 21:00:00,16.31,79,0.99,1013,10000,0.0,0,01n,clear sky,Guwahati
2024-12-08 00:00:00,15.37,83,1.49,1014,10000,0.0,0,01n,clear sky,Guwahati
2024-12-08 03:00:00,20.26,65,2.49,1016,10000,0.0,0,01d,clear sky,Guwahati
2024-12-08 06:00:00,25.08,46,3.58,1013,10000,0.0,1,01d,clear sky,Guwahati
2024-12-08 09:00:00,25.19,46,4.15,1010,10000,0.0,0,01d,clear sky,Guwahati
2024-12-08 12:00:00,19.76,66,1.38,1012,10000,0.0,12,02n,few clouds,Guwahati
2024-12-08 15:00:00,18.13,73,1.03,1014,10000,0.0,8,01n,clear sky,Guwahati
2024-12-08 18:00:00,16.88,78,0.7,1014,10000,0.0,6,01n,clear sky,Guwahati
2024-12-08 21:00:00,15.76,81,0.89,1013,10000,0.0,46,03n,scattered clouds,Guwahati
2024-12-09 00:00:00,14.69,84,1.45,1013,10000,0.0,40,03n,scattered clouds,Guwahati
2024-12-09 03:00:00,19.8,63,2.18,1015,10000,0.0,0,01d,clear sky,Guwahati
2024-12-09 06:00:00,24.29,49,2.59,1013,10000,0.0,36,03d,scattered clouds,Guwahati
2024-12-09 09:00:00,24.18,51,2.45,1011,10000,0.0,66,04d,broken clouds,Guwahati
2024-12-09 12:00:00,19.93,59,2.85,1013,10000,0.0,78,04n,broken clouds,Guwahati
2024-12-09 15:00:00,18.04,72,0.78,1012,10000,0.0,100,04n,overcast clouds,Guwahati
2024-12-09 18:00:00,18.23,63,1.67,1013,10000,0.0,100,04n,overcast clouds,Guwahati
2024-12-09 21:00:00,15.53,68,0.71,1013,10000,0.0,82,04n,broken clouds,Guwahati
2024-12-10 00:00:00,14.7,74,0.28,1014,10000,0.0,62,04n,broken clouds,Guwahati
2024-12-10 03:00:00,19.33,56,2.36,1016,10000,0.0,56,04d,broken clouds,Guwahati
2024-12-10 06:00:00,23.55,41,2.74,1014,10000,0.0,33,03d,scattered clouds,Guwahati
2024-12-10 09:00:00,24.09,45,2.71,1011,10000,0.0,53,04d,broken clouds,Guwahati
2024-12-10 12:00:00,19.07,64,1.47,1012,10000,0.0,30,03n,scattered clouds,Guwahati
2024-12-10 15:00:00,17.95,71,1.1,1014,10000,0.0,67,04n,broken clouds,Guwahati
2024-12-10 18:00:00,18.19,71,0.31,1013,10000,0.0,84,04n,broken clouds,Guwahati
2024-12-10 21:00:00,15.64,83,0.87,1013,10000,0.0,76,04n,broken clouds,Guwahati
2024-12-11 00:00:00,14.83,88,1.18,1014,10000,0.0,73,04n,broken clouds,Guwahati
2024-12-11 03:00:00,19.03,73,2.78,1016,10000,0.0,99,04d,overcast clouds,Guwahati
2024-12-06 06:00:00,21.06,40,4.91,1014,10000,0.0,0,01d,clear sky,Ranchi
2024-12-06 09:00:00,22.09,36,4.97,1013,10000,0.0,0,01d,clear sky,Ranchi
2024-12-06 12:00:00,18.91,42,4.27,1013,10000,0.0,0,01n,clear sky,Ranchi
2024-12-06 15:00:00,15.94,46,3.73,1014,10000,0.0,0,01n,clear sky,Ranchi
2024-12-06 18:00:00,14.4,47,3.42,1014,10000,0.0,0,01n,clear sky,Ranchi
2024-12-06 21:00:00,13.46,41,2.34,1013,10000,0.0,0,01n,clear sky,Ranchi
2024-12-07 00:00:00,12.68,40,2.25,1014,10000,0.0,1,01n,clear sky,Ranchi
2024-12-07 03:00:00,18.01,33,1.63,1015,10000,0.0,1,01d,clear sky,Ranchi
2024-12-07 06:00:00,22.81,23,1.88,1014,10000,0.0,3,01d,clear sky,Ranchi
2024-12-07 09:00:00,23.92,21,2.72,1011,10000,0.0,18,02d,few clouds,Ranchi
2024-12-07 12:00:00,17.64,32,3.18,1013,10000,0.0,9,01n,clear sky,Ranchi
2024-12-07 15:00:00,15.46,33,1.34,1015,10000,0.0,0,01n,clear sky,Ranchi
2024-12-07 18:00:00,14.45,35,1.09,1014,10000,0.0,1,01n,clear sky,Ranchi
2024-12-07 21:00:00,13.61,36,1.5,1013,10000,0.0,21,02n,few clouds,Ranchi
2024-12-08 00:00:00,12.97,36,1.76,1014,10000,0.0,35,03n,scattered clouds,Ranchi
2024-12-08 03:00:00,17.99,32,2.9,1016,10000,0.0,55,04d,broken clouds,Ranchi
2024-12-08 06:00:00,21.98,29,3.32,1014,10000,0.0,78,04d,broken clouds,Ranchi
2024-12-08 09:00:00,23.75,32,1.89,1011,10000,0.0,54,04d,broken clouds,Ranchi
2024-12-08 12:00:00,18.68,46,2.8,1012,10000,0.0,60,04n,broken clouds,Ranchi
2024-12-08 15:00:00,17.85,44,2.84,1014,10000,0.0,88,04n,overcast clouds,Ranchi
2024-12-08 18:00:00,18.39,45,2.66,1013,10000,0.0,84,04n,broken clouds,Ranchi
2024-12-08 21:00:00,17.46,55,2.31,1012,10000,0.0,100,04n,overcast clouds,Ranchi
2024-12-09 00:00:00,17.04,66,1.79,1012,10000,0.15,99,10n,light rain,Ranchi
2024-12-09 03:00:00,18.95,60,2.89,1014,10000,0.61,77,10d,light rain,Ranchi
2024-12-09 06:00:00,22.74,59,4.88,1013,10000,0.34,76,10d,light rain,Ranchi
2024-12-09 09:00:00,21.51,73,4.92,1010,10000,0.29,98,10d,light rain,Ranchi
2024-12-09 12:00:00,17.67,86,3.79,1012,10000,1.88,99,10n,light rain,Ranchi
2024-12-09 15:00:00,15.3,74,3.15,1014,10000,0.14,100,10n,light rain,Ranchi
2024-12-09 18:00:00,13.93,86,1.72,1014,10000,0.0,96,04n,overcast clouds,Ranchi
2024-12-09 21:00:00,14.21,94,1.54,1013,10000,0.0,76,04n,broken clouds,Ranchi
2024-12-10 00:00:00,14.2,94,2.32,1014,10000,0.0,75,04n,broken clouds,Ranchi
2024-12-10 03:00:00,17.73,67,3.43,1016,10000,0.0,73,04d,broken clouds,Ranchi
2024-12-10 06:00:00,21.89,40,2.65,1014,10000,0.0,83,04d,broken clouds,Ranchi
2024-12-10 09:00:00,22.69,33,3.65,1012,10000,0.0,83,04d,broken clouds,Ranchi
2024-12-10 12:00:00,17.86,44,3.38,1013,10000,0.0,93,04n,overcast clouds,Ranchi
2024-12-10 15:00:00,15.31,66,4.03,1015,10000,0.0,100,04n,overcast clouds,Ranchi
2024-12-10 18:00:00,13.78,71,3.4,1015,10000,0.0,88,04n,overcast clouds,Ranchi
2024-12-10 21:00:00,12.67,75,2.99,1015,10000,0.0,94,04n,overcast clouds,Ranchi
2024-12-11 00:00:00,12.27,79,2.53,1015,10000,0.0,96,04n,overcast clouds,Ranchi
2024-12-11 03:00:00,16.32,62,2.0,1017,10000,0.0,83,04d,broken clouds,Ranchi
2024-12-06 06:00:00,15.02,68,0.37,1012,10000,0.0,75,04d,broken clouds,Shillong
2024-12-06 09:00:00,14.44,71,0.43,1012,10000,0.17,78,10d,light rain,Shillong
2024-12-06 12:00:00,12.41,84,0.6,1013,10000,0.2,89,10n,light rain,Shillong
2024-12-06 15:00:00,9.38,93,0.21,1014,10000,0.14,80,10n,light rain,Shillong
2024-12-06 18:00:00,8.15,94,0.29,1014,10000,0.0,46,03n,scattered clouds,Shillong
2024-12-06 21:00:00,7.72,96,0.33,1014,10000,0.0,13,02n,few clouds,Shillong
2024-12-07 00:00:00,7.36,96,0.51,1015,10000,0.0,11,02n,few clouds,Shillong
2024-12-07 03:00:00,12.97,69,1.71,1016,10000,0.0,6,01d,clear sky,Shillong
2024-12-07 06:00:00,17.46,47,1.17,1013,10000,0.0,6,01d,clear sky,Shillong
2024-12-07 09:00:00,15.18,63,0.69,1012,10000,0.0,87,04d,overcast clouds,Shillong
2024-12-07 12:00:00,11.5,89,0.85,1014,10000,0.0,92,04n,overcast clouds,Shillong
2024-12-07 15:00:00,9.1,97,0.45,1017,10000,0.0,47,03n,scattered clouds,Shillong
2024-12-07 18:00:00,8.17,94,0.46,1016,10000,0.0,21,02n,few clouds,Shillong
2024-12-07 21:00:00,7.55,90,0.51,1016,10000,0.0,0,01n,clear sky,Shillong
2024-12-08 00:00:00,6.72,80,0.47,1016,10000,0.0,11,02n,few clouds,Shillong
2024-12-08 03:00:00,13.93,50,1.58,1017,10000,0.0,0,01d,clear sky,Shillong
2024-12-08 06:00:00,18.44,32,1.08,1014,10000,0.0,1,01d,clear sky,Shillong
2024-12-08 09:00:00,17.64,36,0.8,1012,10000,0.0,29,03d,scattered clouds,Shillong
2024-12-08 12:00:00,9.27,77,1.16,1015,10000,0.0,21,02n,few clouds,Shillong
2024-12-08 15:00:00,8.73,79,1.06,1016,10000,0.0,100,04n,overcast clouds,Shillong
2024-12-08 18:00:00,7.98,62,1.09,1016,10000,0.0,100,04n,overcast clouds,Shillong
2024-12-08 21:00:00,7.6,46,0.78,1015,10000,0.0,100,04n,overcast clouds,Shillong
2024-12-09 00:00:00,6.96,42,1.01,1015,10000,0.0,65,04n,broken clouds,Shillong
2024-12-09 03:00:00,14.51,30,1.42,1016,10000,0.0,61,04d,broken clouds,Shillong
2024-12-09 06:00:00,18.15,25,1.47,1013,10000,0.0,34,03d,scattered clouds,Shillong
2024-12-09 09:00:00,15.87,41,0.47,1012,10000,0.0,97,04d,overcast clouds,Shillong
2024-12-09 12:00:00,10.15,83,1.48,1015,10000,0.0,95,04n,overcast clouds,Shillong
2024-12-09 15:00:00,11.03,80,2.37,1015,10000,0.16,99,10n,light rain,Shillong
2024-12-09 18:00:00,9.93,72,2.66,1015,10000,0.0,100,04n,overcast clouds,Shillong
2024-12-09 21:00:00,7.85,78,1.38,1014,10000,0.0,91,04n,overcast clouds,Shillong
2024-12-10 00:00:00,7.53,78,1.01,1015,10000,0.0,68,04n,broken clouds,Shillong
2024-12-10 03:00:00,14.51,49,1.19,1017,10000,0.0,61,04d,broken clouds,Shillong
2024-12-10 06:00:00,17.49,35,1.49,1014,10000,0.0,55,04d,broken clouds,Shillong
2024-12-10 09:00:00,16.1,47,0.45,1012,10000,0.0,72,04d,broken clouds,Shillong
2024-12-10 12:00:00,9.17,91,0.39,1014,10000,0.0,74,04n,broken clouds,Shillong
2024-12-10 15:00:00,8.42,93,0.36,1016,10000,0.0,75,04n,broken clouds,Shillong
2024-12-10 18:00:00,7.3,95,0.41,1016,10000,0.0,58,04n,broken clouds,Shillong
2024-12-10 21:00:00,6.92,90,0.28,1015,10000,0.0,59,04n,broken clouds,Shillong
2024-12-11 00:00:00,6.33,80,0.96,1016,10000,0.0,66,04n,broken clouds,Shillong
2024-12-11 03:00:00,13.27,51,1.15,1016,10000,0.0,80,04d,broken clouds,Shillong
2024-12-06 06:00:00,28.58,56,3.75,1013,10000,0.0,14,02d,few clouds,Aizawl
2024-12-06 09:00:00,28.94,52,3.68,1012,10000,0.3,33,10d,light rain,Aizawl
2024-12-06 12:00:00,27.88,56,1.9,1011,10000,0.18,62,10d,light rain,Aizawl
2024-12-06 15:00:00,26.29,61,2.15,1012,10000,0.0,100,04n,overcast clouds,Aizawl
2024-12-06 18:00:00,23.9,73,0.6,1012,10000,0.37,82,10n,light rain,Aizawl
2024-12-06 21:00:00,23.6,76,2.13,1011,10000,1.78,88,10n,light rain,Aizawl
2024-12-07 00:00:00,23.83,74,1.93,1011,10000,0.41,99,10n,light rain,Aizawl
2024-12-07 03:00:00,24.6,70,0.29,1013,10000,0.0,99,04d,overcast clouds,Aizawl
2024-12-07 06:00:00,28.91,51,3.47,1012,10000,0.14,72,10d,light rain,Aizawl
2024-12-07 09:00:00,29.26,49,2.27,1009,10000,0.95,91,10d,light rain,Aizawl
2024-12-07 12:00:00,27.4,58,2.61,1009,10000,0.29,96,10d,light rain,Aizawl
2024-12-07 15:00:00,24.28,72,3.14,1012,10000,0.0,100,04n,overcast clouds,Aizawl
2024-12-07 18:00:00,23.05,78,2.21,1011,10000,0.0,99,04n,overcast clouds,Aizawl
2024-12-07 21:00:00,22.08,81,2.38,1010,10000,0.0,79,04n,broken clouds,Aizawl
2024-12-08 00:00:00,21.87,82,1.69,1010,10000,0.86,86,10n,light rain,Aizawl
2024-12-08 03:00:00,24.13,71,1.55,1013,10000,0.15,83,10d,light rain,Aizawl
2024-12-08 06:00:00,27.82,56,1.87,1011,10000,0.21,94,10d,light rain,Aizawl
2024-12-08 09:00:00,29.32,50,3.16,1008,10000,0.81,91,10d,light rain,Aizawl
2024-12-08 12:00:00,26.37,64,2.58,1009,10000,1.74,95,10d,light rain,Aizawl
2024-12-08 15:00:00,23.46,76,3.77,1012,10000,0.46,86,10n,light rain,Aizawl
2024-12-08 18:00:00,23.19,75,1.24,1011,10000,0.0,93,04n,overcast clouds,Aizawl
2024-12-08 21:00:00,22.39,79,0.89,1010,10000,0.0,100,04n,overcast clouds,Aizawl
2024-12-09 00:00:00,21.61,83,1.19,1010,10000,0.0,100,04n,overcast clouds,Aizawl
2024-12-09 03:00:00,23.64,72,0.61,1012,10000,0.0,89,04d,overcast clouds,Aizawl
2024-12-09 06:00:00,27.23,54,0.88,1011,10000,0.0,82,04d,broken clouds,Aizawl
2024-12-09 09:00:00,29.36,46,1.41,1008,10000,0.0,78,04d,broken clouds,Aizawl
2024-12-09 12:00:00,27.75,52,2.4,1009,10000,0.0,86,04d,overcast clouds,Aizawl
2024-12-09 15:00:00,25.72,61,2.29,1011,10000,0.0,93,04n,overcast clouds,Aizawl
2024-12-09 18:00:00,24.14,70,1.05,1012,10000,0.0,89,04n,overcast clouds,Aizawl
2024-12-09 21:00:00,22.58,73,1.11,1010,10000,0.2,63,10n,light rain,Aizawl
2024-12-10 00:00:00,21.69,73,1.6,1010,10000,0.21,66,10n,light rain,Aizawl
2024-12-10 03:00:00,23.77,70,3.76,1013,10000,0.23,30,10d,light rain,Aizawl
2024-12-10 06:00:00,26.85,58,5.25,1013,10000,0.2,35,10d,light rain,Aizawl
2024-12-10 09:00:00,28.55,49,3.25,1009,10000,0.14,63,10d,light rain,Aizawl
2024-12-10 12:00:00,26.85,55,2.51,1009,10000,0.0,80,04d,broken clouds,Aizawl
2024-12-10 15:00:00,25.94,59,0.86,1012,10000,0.0,100,04n,overcast clouds,Aizawl
2024-12-10 18:00:00,25.54,57,2.36,1012,10000,0.0,100,04n,overcast clouds,Aizawl
2024-12-10 21:00:00,23.82,59,3.9,1011,10000,0.0,98,04n,overcast clouds,Aizawl
2024-12-11 00:00:00,22.54,54,4.39,1011,10000,0.0,99,04n,overcast clouds,Aizawl
2024-12-11 03:00:00,22.26,57,5.53,1014,10000,0.0,64,04d,broken clouds,Aizawl
2024-12-06 06:00:00,28.09,53,1.02,1013,10000,0.2,18,10d,light rain,Imphal
2024-12-06 09:00:00,28.37,51,3.22,1012,10000,0.13,31,10d,light rain,Imphal
2024-12-06 12:00:00,27.42,56,0.6,1011,10000,0.0,54,04d,broken clouds,Imphal
2024-12-06 15:00:00,25.06,63,1.87,1012,10000,0.0,71,04n,broken clouds,Imphal
2024-12-06 18:00:00,24.38,65,2.86,1012,10000,0.0,69,04n,broken clouds,Imphal
2024-12-06 21:00:00,23.86,65,1.65,1011,10000,0.0,97,04n,overcast clouds,Imphal
2024-12-07 00:00:00,21.72,71,1.9,1011,10000,0.0,50,03n,scattered clouds,Imphal
2024-12-07 03:00:00,24.36,63,0.39,1013,10000,0.0,85,04d,overcast clouds,Imphal
2024-12-07 06:00:00,28.16,54,1.23,1012,10000,0.33,63,10d,light rain,Imphal
2024-12-07 09:00:00,31.2,37,2.14,1008,10000,0.3,28,10d,light rain,Imphal
2024-12-07 12:00:00,26.0,60,2.19,1009,10000,0.0,60,04d,broken clouds,Imphal
2024-12-07 15:00:00,25.85,58,1.81,1011,10000,0.0,99,04n,overcast clouds,Imphal
2024-12-07 18:00:00,24.14,65,2.37,1010,10000,0.0,88,04n,overcast clouds,Imphal
2024-12-07 21:00:00,22.42,74,1.53,1009,10000,0.0,76,04n,broken clouds,Imphal
2024-12-08 00:00:00,21.62,78,1.15,1010,10000,0.0,54,04n,broken clouds,Imphal
2024-12-08 03:00:00,23.9,70,1.08,1012,10000,0.0,98,04d,overcast clouds,Imphal
2024-12-08 06:00:00,28.49,52,2.69,1011,10000,0.0,63,04d,broken clouds,Imphal
2024-12-08 09:00:00,29.46,44,3.1,1007,10000,0.0,87,04d,overcast clouds,Imphal
2024-12-08 12:00:00,26.87,45,3.81,1008,10000,0.0,93,04d,overcast clouds,Imphal
2024-12-08 15:00:00,23.11,42,3.59,1011,10000,0.0,42,03n,scattered clouds,Imphal
2024-12-08 18:00:00,21.63,39,2.87,1011,10000,0.0,29,03n,scattered clouds,Imphal
2024-12-08 21:00:00,20.06,31,2.57,1010,10000,0.0,69,04n,broken clouds,Imphal
2024-12-09 00:00:00,18.61,32,3.75,1011,10000,0.0,85,04n,overcast clouds,Imphal
2024-12-09 03:00:00,20.86,35,4.67,1013,10000,0.0,92,04d,overcast clouds,Imphal
2024-12-09 06:00:00,25.89,27,5.04,1013,10000,0.0,96,04d,overcast clouds,Imphal
2024-12-09 09:00:00,27.19,27,4.05,1010,10000,0.0,97,04d,overcast clouds,Imphal
2024-12-09 12:00:00,22.87,37,3.88,1011,10000,0.0,99,04d,overcast clouds,Imphal
2024-12-09 15:00:00,19.72,35,4.22,1014,10000,0.0,100,04n,overcast clouds,Imphal
2024-12-09 18:00:00,17.79,30,4.58,1014,10000,0.0,99,04n,overcast clouds,Imphal
2024-12-09 21:00:00,15.79,34,4.11,1013,10000,0.0,86,04n,overcast clouds,Imphal
2024-12-10 00:00:00,14.63,26,4.11,1014,10000,0.0,78,04n,broken clouds,Imphal
2024-12-10 03:00:00,17.65,25,3.81,1016,10000,0.0,80,04d,broken clouds,Imphal
2024-12-10 06:00:00,23.76,18,3.43,1015,10000,0.0,85,04d,overcast clouds,Imphal
2024-12-10 09:00:00,25.8,19,2.22,1012,10000,0.0,85,04d,overcast clouds,Imphal
2024-12-10 12:00:00,21.84,28,3.34,1012,10000,0.0,49,03d,scattered clouds,Imphal
2024-12-10 15:00:00,18.26,25,3.63,1015,10000,0.0,9,01n,clear sky,Imphal
2024-12-10 18:00:00,16.94,26,2.83,1015,10000,0.0,16,02n,few clouds,Imphal
2024-12-10 21:00:00,15.66,27,2.6,1014,10000,0.0,1,01n,clear sky,Imphal
2024-12-11 00:00:00,13.97,29,2.85,1014,10000,0.0,6,01n,clear sky,Imphal
2024-12-11 03:00:00,17.48,29,2.66,1016,10000,0.0,11,02d,few clouds,Imphal
2024-12-06 06:00:00,18.27,40,1.46,1012,10000,0.0,85,04d,overcast clouds,Itanagar
2024-12-06 09:00:00,17.37,45,0.45,1012,10000,0.0,88,04d,overcast clouds,Itanagar
2024-12-06 12:00:00,13.12,61,1.06,1013,10000,0.0,80,04n,broken clouds,Itanagar
2024-12-06 15:00:00,12.07,62,0.75,1015,10000,0.0,87,04n,overcast clouds,Itanagar
2024-12-06 18:00:00,11.91,63,0.8,1014,10000,0.0,93,04n,overcast clouds,Itanagar
2024-12-06 21:00:00,11.97,64,0.79,1014,10000,0.0,100,04n,overcast clouds,Itanagar
2024-12-07 00:00:00,11.51,65,0.99,1015,10000,0.0,100,04n,overcast clouds,Itanagar
2024-12-07 03:00:00,13.84,59,0.55,1017,10000,0.0,99,04d,overcast clouds,Itanagar
2024-12-07 06:00:00,13.54,63,0.62,1015,10000,0.0,99,04d,overcast clouds,Itanagar
2024-12-07 09:00:00,17.41,46,0.74,1013,10000,0.0,64,04d,broken clouds,Itanagar
2024-12-07 12:00:00,10.78,73,1.39,1016,10000,0.0,58,04n,broken clouds,Itanagar
2024-12-07 15:00:00,10.58,65,1.02,1017,10000,0.0,89,04n,overcast clouds,Itanagar
2024-12-07 18:00:00,9.67,68,1.02,1017,10000,0.0,91,04n,overcast clouds,Itanagar
2024-12-07 21:00:00,9.87,65,1.02,1016,10000,0.0,84,04n,broken clouds,Itanagar
2024-12-08 00:00:00,9.49,65,1.04,1017,10000,0.0,89,04n,overcast clouds,Itanagar
2024-12-08 03:00:00,16.43,44,0.15,1017,10000,0.0,31,03d,scattered clouds,Itanagar
2024-12-08 06:00:00,20.93,33,0.99,1014,10000,0.0,21,02d,few clouds,Itanagar
2024-12-08 09:00:00,20.26,34,1.12,1011,10000,0.0,9,01d,clear sky,Itanagar
2024-12-08 12:00:00,11.61,65,1.18,1014,10000,0.0,7,01n,clear sky,Itanagar
2024-12-08 15:00:00,9.86,61,1.36,1017,10000,0.0,0,01n,clear sky,Itanagar
2024-12-08 18:00:00,8.74,60,1.27,1017,10000,0.0,10,01n,clear sky,Itanagar
2024-12-08 21:00:00,8.1,61,1.1,1017,10000,0.0,27,03n,scattered clouds,Itanagar
2024-12-09 00:00:00,8.16,60,0.97,1017,10000,0.0,22,02n,few clouds,Itanagar
2024-12-09 03:00:00,14.24,44,0.64,1017,10000,0.0,70,04d,broken clouds,Itanagar
2024-12-09 06:00:00,20.17,36,0.63,1013,10000,0.0,47,03d,scattered clouds,Itanagar
2024-12-09 09:00:00,19.75,33,0.92,1010,10000,0.0,58,04d,broken clouds,Itanagar
2024-12-09 12:00:00,13.62,57,0.53,1012,10000,0.0,79,04n,broken clouds,Itanagar
2024-12-09 15:00:00,12.04,66,1.59,1015,10000,0.0,100,04n,overcast clouds,Itanagar
2024-12-09 18:00:00,10.19,80,0.98,1015,10000,0.14,99,10n,light rain,Itanagar
2024-12-09 21:00:00,8.53,97,0.91,1016,10000,0.83,100,10n,light rain,Itanagar
2024-12-10 00:00:00,7.7,98,1.15,1018,10000,0.35,95,10n,light rain,Itanagar
2024-12-10 03:00:00,10.57,85,0.86,1019,10000,0.0,96,04d,overcast clouds,Itanagar
2024-12-10 06:00:00,11.92,73,1.22,1017,10000,0.0,98,04d,overcast clouds,Itanagar
2024-12-10 09:00:00,15.92,50,1.1,1013,10000,0.0,98,04d,overcast clouds,Itanagar
2024-12-10 12:00:00,9.53,78,1.69,1016,10000,0.0,74,04n,broken clouds,Itanagar
2024-12-10 15:00:00,8.38,77,1.51,1017,10000,0.0,80,04n,broken clouds,Itanagar
2024-12-10 18:00:00,7.67,71,1.3,1017,10000,0.0,78,04n,broken clouds,Itanagar
2024-12-10 21:00:00,6.88,68,1.22,1017,10000,0.0,72,04n,broken clouds,Itanagar
2024-12-11 00:00:00,6.49,65,1.06,1017,10000,0.0,86,04n,overcast clouds,Itanagar
2024-12-11 03:00:00,14.35,40,0.09,1018,10000,0.0,67,04d,broken clouds,Itanagar
2024-12-06 06:00:00,23.82,23,3.69,1013,10000,0.0,0,01d,clear sky,Agartala
2024-12-06 09:00:00,25.28,22,4.61,1012,10000,0.0,0,01d,clear sky,Agartala
2024-12-06 12:00:00,22.93,27,3.66,1011,10000,0.0,0,01n,clear sky,Agartala
2024-12-06 15:00:00,19.23,34,2.62,1012,10000,0.0,0,01n,clear sky,Agartala
2024-12-06 18:00:00,17.48,35,2.06,1013,10000,0.0,0,01n,clear sky,Agartala
2024-12-06 21:00:00,16.01,34,1.88,1012,10000,0.0,0,01n,clear sky,Agartala
2024-12-07 00:00:00,14.87,34,2.73,1013,10000,0.0,0,01n,clear sky,Agartala
2024-12-07 03:00:00,20.1,26,2.52,1015,10000,0.0,0,01d,clear sky,Agartala
2024-12-07 06:00:00,25.37,18,3.02,1014,10000,0.0,0,01d,clear sky,Agartala
2024-12-07 09:00:00,26.84,15,2.95,1011,10000,0.0,4,01d,clear sky,Agartala
2024-12-07 12:00:00,21.39,22,2.4,1012,10000,0.0,3,01n,clear sky,Agartala
2024-12-07 15:00:00,18.56,27,2.58,1014,10000,0.0,0,01n,clear sky,Agartala
2024-12-07 18:00:00,16.67,30,2.03,1014,10000,0.0,0,01n,clear sky,Agartala
2024-12-07 21:00:00,15.68,32,1.69,1013,10000,0.0,18,02n,few clouds,Agartala
2024-12-08 00:00:00,14.88,34,1.66,1014,10000,0.0,43,03n,scattered clouds,Agartala
2024-12-08 03:00:00,19.81,27,0.98,1016,10000,0.0,85,04d,overcast clouds,Agartala
2024-12-08 06:00:00,25.13,20,0.9,1014,10000,0.0,80,04d,broken clouds,Agartala
2024-12-08 09:00:00,26.62,18,0.92,1011,10000,0.0,100,04d,overcast clouds,Agartala
2024-12-08 12:00:00,22.44,24,0.98,1012,10000,0.0,64,04n,broken clouds,Agartala
2024-12-08 15:00:00,20.89,26,1.49,1013,10000,0.0,69,04n,broken clouds,Agartala
2024-12-08 18:00:00,20.28,29,1.67,1012,10000,0.0,85,04n,overcast clouds,Agartala
2024-12-08 21:00:00,20.42,29,1.18,1011,10000,0.0,99,04n,overcast clouds,Agartala
2024-12-09 00:00:00,19.98,29,1.38,1012,10000,0.0,99,04n,overcast clouds,Agartala
2024-12-09 03:00:00,20.51,29,2.16,1014,10000,0.0,98,04d,overcast clouds,Agartala
2024-12-09 06:00:00,23.27,30,1.67,1013,10000,0.0,94,04d,overcast clouds,Agartala
2024-12-09 09:00:00,22.65,44,2.0,1012,10000,0.0,100,04d,overcast clouds,Agartala
2024-12-09 12:00:00,20.85,56,4.17,1012,10000,0.0,99,04n,overcast clouds,Agartala
2024-12-09 15:00:00,18.63,65,2.71,1014,10000,0.0,98,04n,overcast clouds,Agartala
2024-12-09 18:00:00,18.34,65,0.43,1013,10000,0.0,100,04n,overcast clouds,Agartala
2024-12-09 21:00:00,16.63,72,1.31,1013,10000,0.0,89,04n,overcast clouds,Agartala
2024-12-10 00:00:00,15.81,75,1.53,1013,10000,0.0,89,04n,overcast clouds,Agartala
2024-12-10 03:00:00,20.25,58,2.25,1016,10000,0.0,61,04d,broken clouds,Agartala
2024-12-10 06:00:00,25.04,45,3.04,1014,10000,0.0,65,04d,broken clouds,Agartala
2024-12-10 09:00:00,26.6,37,3.3,1011,10000,0.0,69,04d,broken clouds,Agartala
2024-12-10 12:00:00,22.35,44,3.6,1012,10000,0.0,84,04n,broken clouds,Agartala
2024-12-10 15:00:00,19.94,47,3.25,1014,10000,0.0,100,04n,overcast clouds,Agartala
2024-12-10 18:00:00,18.11,60,3.31,1014,10000,0.0,100,04n,overcast clouds,Agartala
2024-12-10 21:00:00,16.87,64,2.05,1014,10000,0.0,100,04n,overcast clouds,Agartala
2024-12-11 00:00:00,15.41,68,1.96,1014,10000,0.0,87,04n,overcast clouds,Agartala
2024-12-11 03:00:00,19.86,52,3.02,1016,10000,0.0,99,04d,overcast clouds,Agartala
2024-12-06 06:00:00,27.21,48,1.27,1011,10000,0.0,27,03d,scattered clouds,Panaji
2024-12-06 09:00:00,28.43,52,2.56,1010,10000,0.0,37,03d,scattered clouds,Panaji
2024-12-06 12:00:00,27.06,72,0.96,1010,10000,2.09,48,10d,light rain,Panaji
2024-12-06 15:00:00,24.46,91,0.41,1011,10000,0.8,33,10n,light rain,Panaji
2024-12-06 18:00:00,24.05,93,0.91,1011,10000,0.0,45,03n,scattered clouds,Panaji
2024-12-06 21:00:00,23.58,94,0.78,1010,10000,0.0,68,04n,broken clouds,Panaji
2024-12-07 00:00:00,22.7,96,0.88,1010,10000,3.4,41,10n,moderate rain,Panaji
2024-12-07 03:00:00,26.01,82,0.63,1012,10000,0.0,27,03d,scattered clouds,Panaji
2024-12-07 06:00:00,31.77,56,1.86,1011,10000,0.25,39,10d,light rain,Panaji
2024-12-07 09:00:00,31.26,58,3.09,1008,10000,0.99,98,10d,light rain,Panaji
2024-12-07 12:00:00,27.18,80,1.66,1009,10000,1.14,87,10d,light rain,Panaji
2024-12-07 15:00:00,24.0,92,0.44,1011,10000,0.84,46,10n,light rain,Panaji
2024-12-07 18:00:00,23.11,95,0.89,1011,10000,0.0,31,03n,scattered clouds,Panaji
2024-12-07 21:00:00,22.47,96,0.59,1009,10000,0.0,71,04n,broken clouds,Panaji
2024-12-08 00:00:00,21.95,97,0.61,1010,10000,0.0,84,04n,broken clouds,Panaji
2024-12-08 03:00:00,24.9,83,0.49,1012,10000,0.0,98,04d,overcast clouds,Panaji
2024-12-08 06:00:00,30.74,50,2.03,1011,10000,0.0,84,04d,broken clouds,Panaji
2024-12-08 09:00:00,30.87,50,3.55,1008,10000,0.0,68,04d,broken clouds,Panaji
2024-12-08 12:00:00,26.33,72,2.76,1009,10000,0.0,84,04d,broken clouds,Panaji
2024-12-08 15:00:00,23.06,84,0.66,1011,10000,0.0,58,04n,broken clouds,Panaji
2024-12-08 18:00:00,22.04,86,0.36,1011,10000,0.0,79,04n,broken clouds,Panaji
2024-12-08 21:00:00,21.37,88,1.04,1009,10000,0.0,100,04n,overcast clouds,Panaji
2024-12-09 00:00:00,20.97,88,0.35,1009,10000,0.0,100,04n,overcast clouds,Panaji
2024-12-09 03:00:00,24.41,75,0.4,1011,10000,0.0,100,04d,overcast clouds,Panaji
2024-12-09 06:00:00,30.58,52,1.48,1011,10000,0.0,70,04d,broken clouds,Panaji
2024-12-09 09:00:00,30.94,50,3.42,1008,10000,0.0,61,04d,broken clouds,Panaji
2024-12-09 12:00:00,25.88,72,2.18,1009,10000,0.0,45,03d,scattered clouds,Panaji
2024-12-09 15:00:00,22.58,84,0.4,1011,10000,0.0,27,03n,scattered clouds,Panaji
2024-12-09 18:00:00,21.67,87,0.82,1011,10000,0.0,20,02n,few clouds,Panaji
2024-12-09 21:00:00,21.0,88,0.49,1009,10000,0.0,86,04n,overcast clouds,Panaji
2024-12-10 00:00:00,20.75,88,1.17,1010,10000,0.0,79,04n,broken clouds,Panaji
2024-12-10 03:00:00,25.09,71,0.56,1012,10000,0.0,37,03d,scattered clouds,Panaji
2024-12-10 06:00:00,32.73,48,0.66,1011,10000,0.0,51,04d,broken clouds,Panaji
2024-12-10 09:00:00,31.92,50,2.17,1007,10000,0.0,60,04d,broken clouds,Panaji
2024-12-10 12:00:00,25.66,77,0.8,1009,10000,0.16,81,10d,light rain,Panaji
2024-12-10 15:00:00,23.8,82,0.41,1011,10000,0.0,91,04n,overcast clouds,Panaji
2024-12-10 18:00:00,23.5,83,0.39,1011,10000,0.0,90,04n,overcast clouds,Panaji
2024-12-10 21:00:00,22.73,85,0.73,1010,10000,0.0,95,04n,overcast clouds,Panaji
2024-12-11 00:00:00,22.33,85,0.62,1009,10000,0.0,87,04n,overcast clouds,Panaji
2024-12-11 03:00:00,25.76,70,1.19,1011,10000,0.0,71,04d,broken clouds,Panaji
2024-12-06 06:00:00,25.0,35,2.08,1015,10000,0.0,40,03d,scattered clouds,Raipur
2024-12-06 09:00:00,25.73,34,2.66,1014,10000,0.0,29,03d,scattered clouds,Raipur
2024-12-06 12:00:00,24.14,40,2.17,1012,10000,0.0,33,03d,scattered clouds,Raipur
2024-12-06 15:00:00,20.45,46,1.74,1013,10000,0.0,91,04n,overcast clouds,Raipur
2024-12-06 18:00:00,18.46,47,2.99,1013,10000,0.0,95,04n,overcast clouds,Raipur
2024-12-06 21:00:00,17.03,45,2.41,1012,10000,0.0,18,02n,few clouds,Raipur
2024-12-07 00:00:00,16.33,46,1.81,1012,10000,0.0,34,03n,scattered clouds,Raipur
2024-12-07 03:00:00,19.72,44,1.07,1014,10000,0.0,27,03d,scattered clouds,Raipur
2024-12-07 06:00:00,26.41,38,3.54,1012,10000,0.0,35,03d,scattered clouds,Raipur
2024-12-07 09:00:00,28.36,20,5.16,1009,10000,0.0,29,03d,scattered clouds,Raipur
2024-12-07 12:00:00,22.75,26,3.31,1010,10000,0.0,19,02d,few clouds,Raipur
2024-12-07 15:00:00,19.32,29,2.04,1012,10000,0.0,86,04n,overcast clouds,Raipur
2024-12-07 18:00:00,17.15,36,1.87,1012,10000,0.0,86,04n,overcast clouds,Raipur
2024-12-07 21:00:00,15.87,43,1.85,1011,10000,0.0,96,04n,overcast clouds,Raipur
2024-12-08 00:00:00,14.85,49,1.38,1011,10000,0.0,77,04n,broken clouds,Raipur
2024-12-08 03:00:00,17.86,44,0.19,1013,10000,0.0,22,02d,few clouds,Raipur
2024-12-08 06:00:00,24.57,27,2.65,1012,10000,0.0,54,04d,broken clouds,Raipur
2024-12-08 09:00:00,26.74,18,4.38,1009,10000,0.0,73,04d,broken clouds,Raipur
2024-12-08 12:00:00,21.69,29,3.36,1009,10000,0.0,81,04d,broken clouds,Raipur
2024-12-08 15:00:00,18.23,34,3.64,1012,10000,0.0,100,04n,overcast clouds,Raipur
2024-12-08 18:00:00,16.5,36,2.93,1012,10000,0.0,92,04n,overcast clouds,Raipur
2024-12-08 21:00:00,14.97,42,3.61,1011,10000,0.0,46,03n,scattered clouds,Raipur
2024-12-09 00:00:00,13.02,42,3.09,1012,10000,0.0,31,03n,scattered clouds,Raipur
2024-12-09 03:00:00,15.23,26,2.97,1015,10000,0.0,27,03d,scattered clouds,Raipur
2024-12-09 06:00:00,21.5,16,3.36,1015,10000,0.0,20,02d,few clouds,Raipur
2024-12-09 09:00:00,23.43,13,3.82,1012,10000,0.0,22,02d,few clouds,Raipur
2024-12-09 12:00:00,18.2,21,3.69,1013,10000,0.0,33,03d,scattered clouds,Raipur
2024-12-09 15:00:00,14.46,24,3.09,1016,10000,0.0,6,01n,clear sky,Raipur
2024-12-09 18:00:00,12.58,28,2.48,1017,10000,0.0,4,01n,clear sky,Raipur
2024-12-09 21:00:00,11.06,31,2.46,1016,10000,0.0,21,02n,few clouds,Raipur
2024-12-10 00:00:00,9.82,34,3.36,1016,10000,0.0,12,02n,few clouds,Raipur
2024-12-10 03:00:00,12.87,32,3.46,1018,10000,0.0,5,01d,clear sky,Raipur
2024-12-10 06:00:00,20.53,20,4.49,1017,10000,0.0,10,01d,clear sky,Raipur
2024-12-10 09:00:00,23.17,18,3.31,1014,10000,0.0,78,04d,broken clouds,Raipur
2024-12-10 12:00:00,18.2,29,3.05,1014,10000,0.0,58,04d,broken clouds,Raipur
2024-12-10 15:00:00,14.7,33,3.25,1016,10000,0.0,36,03n,scattered clouds,Raipur
2024-12-10 18:00:00,12.69,37,2.98,1017,10000,0.0,34,03n,scattered clouds,Raipur
2024-12-10 21:00:00,11.66,39,2.73,1015,10000,0.0,72,04n,broken clouds,Raipur
2024-12-11 00:00:00,10.34,43,3.05,1016,10000,0.0,40,03n,scattered clouds,Raipur
2024-12-11 03:00:00,13.39,42,3.56,1017,10000,0.0,20,02d,few clouds,Raipur
2024-12-06 06:00:00,21.4,20,4.36,1014,10000,0.0,0,01d,clear sky,Chandigarh
2024-12-06 09:00:00,22.26,17,4.95,1013,10000,0.0,0,01d,clear sky,Chandigarh
2024-12-06 12:00:00,18.63,18,3.72,1012,10000,0.0,0,01n,clear sky,Chandigarh
2024-12-06 15:00:00,13.93,23,2.49,1012,10000,0.0,0,01n,clear sky,Chandigarh
2024-12-06 18:00:00,12.54,27,1.99,1013,10000,0.0,0,01n,clear sky,Chandigarh
2024-12-06 21:00:00,11.69,30,1.84,1012,10000,0.0,0,01n,clear sky,Chandigarh
2024-12-07 00:00:00,10.28,33,1.08,1012,10000,0.0,0,01n,clear sky,Chandigarh
2024-12-07 03:00:00,13.11,29,1.79,1014,10000,0.0,0,01d,clear sky,Chandigarh
2024-12-07 06:00:00,20.31,17,3.18,1014,10000,0.0,0,01d,clear sky,Chandigarh
2024-12-07 09:00:00,22.26,13,2.59,1011,10000,0.0,0,01d,clear sky,Chandigarh
2024-12-07 12:00:00,16.18,20,2.45,1011,10000,0.0,0,01n,clear sky,Chandigarh
2024-12-07 15:00:00,13.23,32,3.01,1014,10000,0.0,0,01n,clear sky,Chandigarh
2024-12-07 18:00:00,12.21,36,2.82,1014,10000,0.0,0,01n,clear sky,Chandigarh
2024-12-07 21:00:00,11.35,33,2.42,1013,10000,0.0,0,01n,clear sky,Chandigarh
2024-12-08 00:00:00,10.71,25,2.43,1013,10000,0.0,3,01n,clear sky,Chandigarh
2024-12-08 03:00:00,13.95,19,2.52,1014,10000,0.0,0,01d,clear sky,Chandigarh
2024-12-08 06:00:00,22.14,15,7.84,1013,10000,0.0,0,01d,clear sky,Chandigarh
2024-12-08 09:00:00,21.64,22,7.73,1010,10000,0.42,30,10d,light rain,Chandigarh
2024-12-08 12:00:00,15.69,37,4.0,1010,10000,0.12,15,10n,light rain,Chandigarh
2024-12-08 15:00:00,12.44,60,5.12,1013,10000,0.78,35,10n,light rain,Chandigarh
2024-12-08 18:00:00,12.37,66,5.72,1014,10000,0.5,67,10n,light rain,Chandigarh
2024-12-08 21:00:00,10.5,71,5.77,1013,10000,0.16,100,10n,light rain,Chandigarh
2024-12-09 00:00:00,11.22,64,4.89,1012,10000,0.0,100,04n,overcast clouds,Chandigarh
2024-12-09 03:00:00,13.53,54,1.13,1014,10000,0.0,100,04d,overcast clouds,Chandigarh
2024-12-09 06:00:00,19.25,33,3.68,1015,10000,0.0,86,04d,overcast clouds,Chandigarh
2024-12-09 09:00:00,20.98,26,4.4,1013,10000,0.0,3,01d,clear sky,Chandigarh
2024-12-09 12:00:00,16.26,32,2.86,1014,10000,0.0,1,01n,clear sky,Chandigarh
2024-12-09 15:00:00,12.54,43,2.44,1017,10000,0.0,0,01n,clear sky,Chandigarh
2024-12-09 18:00:00,11.49,46,2.59,1018,10000,0.0,0,01n,clear sky,Chandigarh
2024-12-09 21:00:00,10.5,47,2.43,1017,10000,0.0,0,01n,clear sky,Chandigarh
2024-12-10 00:00:00,9.52,47,2.09,1017,10000,0.0,0,01n,clear sky,Chandigarh
2024-12-10 03:00:00,12.08,36,1.51,1018,10000,0.0,0,01d,clear sky,Chandigarh
2024-12-10 06:00:00,19.08,23,2.38,1018,10000,0.0,0,01d,clear sky,Chandigarh
2024-12-10 09:00:00,21.41,17,3.65,1015,10000,0.0,0,01d,clear sky,Chandigarh
2024-12-10 12:00:00,15.85,23,3.51,1015,10000,0.0,0,01n,clear sky,Chandigarh
2024-12-10 15:00:00,12.13,32,2.53,1017,10000,0.0,0,01n,clear sky,Chandigarh
2024-12-10 18:00:00,11.0,34,2.07,1017,10000,0.0,0,01n,clear sky,Chandigarh
2024-12-10 21:00:00,10.06,33,1.51,1017,10000,0.0,0,01n,clear sky,Chandigarh
2024-12-11 00:00:00,9.25,32,1.55,1016,10000,0.0,0,01n,clear sky,Chandigarh
2024-12-11 03:00:00,12.04,26,1.65,1017,10000,0.0,0,01d,clear sky,Chandigarh
2024-12-06 06:00:00,7.94,15,1.5,1020,10000,0.0,0,01d,clear sky,Srinagar
2024-12-06 09:00:00,9.24,13,1.38,1018,10000,0.0,0,01d,clear sky,Srinagar
2024-12-06 12:00:00,7.04,13,0.86,1016,10000,0.0,0,01n,clear sky,Srinagar
2024-12-06 15:00:00,4.46,16,1.09,1017,10000,0.0,0,01n,clear sky,Srinagar
2024-12-06 18:00:00,2.18,18,1.28,1019,10000,0.0,0,01n,clear sky,Srinagar
2024-12-06 21:00:00,0.85,21,0.58,1020,10000,0.0,65,04n,broken clouds,Srinagar
2024-12-07 00:00:00,0.13,23,0.78,1020,10000,0.0,82,04n,broken clouds,Srinagar
2024-12-07 03:00:00,1.52,22,0.46,1021,10000,0.0,100,04d,overcast clouds,Srinagar
2024-12-07 06:00:00,6.63,15,1.11,1018,10000,0.0,100,04d,overcast clouds,Srinagar
2024-12-07 09:00:00,9.59,11,0.9,1013,10000,0.0,100,04d,overcast clouds,Srinagar
2024-12-07 12:00:00,5.66,14,0.67,1013,10000,0.0,100,04n,overcast clouds,Srinagar
2024-12-07 15:00:00,4.51,15,0.78,1015,10000,0.0,100,04n,overcast clouds,Srinagar
2024-12-07 18:00:00,3.17,18,0.51,1016,10000,0.0,100,04n,overcast clouds,Srinagar
2024-12-07 21:00:00,1.93,21,0.65,1017,10000,0.0,100,04n,overcast clouds,Srinagar
2024-12-08 00:00:00,1.26,23,0.6,1017,10000,0.0,100,04n,overcast clouds,Srinagar
2024-12-08 03:00:00,2.76,21,0.46,1019,10000,0.0,100,04d,overcast clouds,Srinagar
2024-12-08 06:00:00,7.26,15,1.26,1017,10000,0.0,100,04d,overcast clouds,Srinagar
2024-12-08 09:00:00,9.87,12,1.32,1012,10000,0.0,100,04d,overcast clouds,Srinagar
2024-12-08 12:00:00,4.5,31,1.56,1013,10000,0.0,95,04n,overcast clouds,Srinagar
2024-12-08 15:00:00,4.02,26,1.51,1015,10000,0.0,91,04n,overcast clouds,Srinagar
2024-12-08 18:00:00,1.56,34,1.18,1017,10000,0.0,86,04n,overcast clouds,Srinagar
2024-12-08 21:00:00,0.77,36,1.54,1018,10000,0.0,85,04n,overcast clouds,Srinagar
2024-12-09 00:00:00,-0.76,41,0.81,1019,10000,0.0,78,04n,broken clouds,Srinagar
2024-12-09 03:00:00,0.62,38,0.11,1022,10000,0.0,29,03d,scattered clouds,Srinagar
2024-12-09 06:00:00,6.2,25,1.06,1019,10000,0.0,17,02d,few clouds,Srinagar
2024-12-09 09:00:00,9.63,18,1.99,1015,10000,0.0,12,02d,few clouds,Srinagar
2024-12-09 12:00:00,4.72,30,0.59,1016,10000,0.0,25,03n,scattered clouds,Srinagar
2024-12-09 15:00:00,3.03,33,0.81,1021,10000,0.0,19,02n,few clouds,Srinagar
2024-12-09 18:00:00,1.66,34,1.33,1024,10000,0.0,32,03n,scattered clouds,Srinagar
2024-12-09 21:00:00,-0.1,38,1.05,1024,10000,0.0,19,02n,few clouds,Srinagar
2024-12-10 00:00:00,-1.58,43,0.89,1025,10000,0.0,11,02n,few clouds,Srinagar
2024-12-10 03:00:00,0.1,38,0.31,1027,10000,0.0,8,01d,clear sky,Srinagar
2024-12-10 06:00:00,5.11,25,1.22,1024,10000,0.0,38,03d,scattered clouds,Srinagar
2024-12-10 09:00:00,8.26,17,0.64,1018,10000,0.0,100,04d,overcast clouds,Srinagar
2024-12-10 12:00:00,5.86,18,0.79,1018,10000,0.0,100,04n,overcast clouds,Srinagar
2024-12-10 15:00:00,4.91,21,0.82,1020,10000,0.0,100,04n,overcast clouds,Srinagar
2024-12-10 18:00:00,4.57,24,0.86,1021,10000,0.0,100,04n,overcast clouds,Srinagar
2024-12-10 21:00:00,3.96,31,0.53,1021,10000,0.0,100,04n,overcast clouds,Srinagar
2024-12-11 00:00:00,2.29,38,0.17,1021,10000,0.0,99,04n,overcast clouds,Srinagar
2024-12-11 03:00:00,3.28,39,0.23,1023,10000,0.0,99,04d,overcast clouds,Srinagar
2024-12-06 06:00:00,13.39,33,2.1,1013,10000,0.0,0,01d,clear sky,Shimla
2024-12-06 09:00:00,12.97,29,2.94,1012,10000,0.0,0,01d,clear sky,Shimla
2024-12-06 12:00:00,7.21,37,0.76,1013,10000,0.0,0,01n,clear sky,Shimla
2024-12-06 15:00:00,2.24,40,2.55,1015,10000,0.0,0,01n,clear sky,Shimla
2024-12-06 18:00:00,1.39,40,2.48,1016,10000,0.0,0,01n,clear sky,Shimla
2024-12-06 21:00:00,1.04,40,3.04,1015,10000,0.0,0,01n,clear sky,Shimla
2024-12-07 00:00:00,0.73,38,2.92,1014,10000,0.0,0,01n,clear sky,Shimla
2024-12-07 03:00:00,4.08,35,2.03,1015,10000,0.0,1,01d,clear sky,Shimla
2024-12-07 06:00:00,10.21,26,2.64,1014,10000,0.0,1,01d,clear sky,Shimla
2024-12-07 09:00:00,10.67,26,3.12,1011,10000,0.0,0,01d,clear sky,Shimla
2024-12-07 12:00:00,3.18,40,1.0,1013,10000,0.0,0,01n,clear sky,Shimla
2024-12-07 15:00:00,1.0,48,2.4,1017,10000,0.0,0,01n,clear sky,Shimla
2024-12-07 18:00:00,-0.23,47,2.74,1017,10000,0.0,0,01n,clear sky,Shimla
2024-12-07 21:00:00,-1.06,39,2.99,1017,10000,0.0,0,01n,clear sky,Shimla
2024-12-08 00:00:00,-1.63,35,3.0,1017,10000,0.0,2,01n,clear sky,Shimla
2024-12-08 03:00:00,1.89,30,2.61,1017,10000,0.0,0,01d,clear sky,Shimla
2024-12-08 06:00:00,9.77,19,2.08,1014,10000,0.0,0,01d,clear sky,Shimla
2024-12-08 09:00:00,9.49,27,4.28,1011,10000,0.0,71,04d,broken clouds,Shimla
2024-12-08 12:00:00,3.5,44,1.67,1012,10000,0.0,50,03n,scattered clouds,Shimla
2024-12-08 15:00:00,1.86,52,2.59,1014,10000,0.2,59,10n,light rain,Shimla
2024-12-08 18:00:00,-0.42,86,3.2,1017,10000,0.0,80,13n,snow,Shimla
2024-12-08 21:00:00,-2.09,99,1.88,1017,1165,0.0,100,13n,snow,Shimla
2024-12-09 00:00:00,-1.76,98,3.01,1017,9155,0.0,100,13n,snow,Shimla
2024-12-09 03:00:00,-0.5,91,2.76,1018,10000,0.0,98,04d,overcast clouds,Shimla
2024-12-09 06:00:00,3.8,73,1.82,1017,6904,0.0,90,04d,overcast clouds,Shimla
2024-12-09 09:00:00,4.89,63,1.11,1015,10000,0.27,62,10d,light rain,Shimla
2024-12-09 12:00:00,1.02,73,2.39,1018,10000,0.14,63,10n,light rain,Shimla
2024-12-09 15:00:00,-1.01,75,2.88,1021,10000,0.0,24,02n,few clouds,Shimla
2024-12-09 18:00:00,-2.2,76,3.35,1023,10000,0.0,12,02n,few clouds,Shimla
2024-12-09 21:00:00,-3.63,73,3.59,1022,10000,0.0,0,01n,clear sky,Shimla
2024-12-10 00:00:00,-4.59,67,3.78,1022,10000,0.0,0,01n,clear sky,Shimla
2024-12-10 03:00:00,-2.68,59,3.49,1023,10000,0.0,0,01d,clear sky,Shimla
2024-12-10 06:00:00,5.42,41,2.11,1019,10000,0.0,0,01d,clear sky,Shimla
2024-12-10 09:00:00,7.17,35,0.32,1017,10000,0.0,5,01d,clear sky,Shimla
2024-12-10 12:00:00,1.28,53,1.63,1018,10000,0.0,3,01n,clear sky,Shimla
2024-12-10 15:00:00,-0.5,58,3.05,1020,10000,0.0,0,01n,clear sky,Shimla
2024-12-10 18:00:00,-1.39,58,3.34,1021,10000,0.0,0,01n,clear sky,Shimla
2024-12-10 21:00:00,-1.69,54,3.42,1020,10000,0.0,0,01n,clear sky,Shimla
2024-12-11 00:00:00,-1.9,50,3.5,1020,10000,0.0,0,01n,clear sky,Shimla
2024-12-11 03:00:00,0.93,48,3.04,1019,10000,0.0,1,01d,clear sky,Shimla
